-- MySQL dump 10.13  Distrib 8.0.13, for Win64 (x86_64)
--
-- Host: localhost    Database: flower
-- ------------------------------------------------------
-- Server version	8.0.13

/*!40101 SET @OLD_CHARACTER_SET_CLIENT=@@CHARACTER_SET_CLIENT */;
/*!40101 SET @OLD_CHARACTER_SET_RESULTS=@@CHARACTER_SET_RESULTS */;
/*!40101 SET @OLD_COLLATION_CONNECTION=@@COLLATION_CONNECTION */;
 SET NAMES utf8mb4 ;
/*!40103 SET @OLD_TIME_ZONE=@@TIME_ZONE */;
/*!40103 SET TIME_ZONE='+00:00' */;
/*!40014 SET @OLD_UNIQUE_CHECKS=@@UNIQUE_CHECKS, UNIQUE_CHECKS=0 */;
/*!40014 SET @OLD_FOREIGN_KEY_CHECKS=@@FOREIGN_KEY_CHECKS, FOREIGN_KEY_CHECKS=0 */;
/*!40101 SET @OLD_SQL_MODE=@@SQL_MODE, SQL_MODE='NO_AUTO_VALUE_ON_ZERO' */;
/*!40111 SET @OLD_SQL_NOTES=@@SQL_NOTES, SQL_NOTES=0 */;

--
-- Table structure for table `hibernate_sequence`
--

DROP TABLE IF EXISTS `hibernate_sequence`;
/*!40101 SET @saved_cs_client     = @@character_set_client */;
 SET character_set_client = utf8mb4 ;
CREATE TABLE `hibernate_sequence` (
  `next_val` bigint(20) DEFAULT NULL
) ENGINE=MyISAM DEFAULT CHARSET=utf8mb4 COLLATE=utf8mb4_0900_ai_ci;
/*!40101 SET character_set_client = @saved_cs_client */;

--
-- Dumping data for table `hibernate_sequence`
--

LOCK TABLES `hibernate_sequence` WRITE;
/*!40000 ALTER TABLE `hibernate_sequence` DISABLE KEYS */;
INSERT INTO `hibernate_sequence` VALUES (622),(622),(622),(622),(622),(622),(622);
/*!40000 ALTER TABLE `hibernate_sequence` ENABLE KEYS */;
UNLOCK TABLES;

--
-- Table structure for table `sys_alarminfo`
--

DROP TABLE IF EXISTS `sys_alarminfo`;
/*!40101 SET @saved_cs_client     = @@character_set_client */;
 SET character_set_client = utf8mb4 ;
CREATE TABLE `sys_alarminfo` (
  `id` bigint(20) NOT NULL,
  `alarminfo` varchar(255) DEFAULT NULL,
  `createdate` datetime DEFAULT NULL,
  `device_id` bigint(20) NOT NULL,
  `elsepara` varchar(255) DEFAULT NULL,
  `state` int(11) DEFAULT NULL,
  PRIMARY KEY (`id`)
) ENGINE=MyISAM DEFAULT CHARSET=utf8mb4 COLLATE=utf8mb4_0900_ai_ci;
/*!40101 SET character_set_client = @saved_cs_client */;

--
-- Dumping data for table `sys_alarminfo`
--

LOCK TABLES `sys_alarminfo` WRITE;
/*!40000 ALTER TABLE `sys_alarminfo` DISABLE KEYS */;
INSERT INTO `sys_alarminfo` VALUES (518,'温度过低','2019-09-07 03:25:14',301,'--其他备注信息--',2),(519,'温度过高','2019-09-07 03:25:14',301,'--其他备注信息--',4),(520,'CO2浓度过高','2019-09-07 03:25:14',298,'--其他备注信息--',2),(521,'湿度过低','2019-09-07 03:25:14',302,'--其他备注信息--',3),(522,'CO2浓度过高','2019-09-07 03:25:14',299,'--其他备注信息--',4),(523,'CO2浓度过高','2019-09-07 03:25:14',301,'--其他备注信息--',2),(524,'温度过高','2019-09-07 03:25:14',299,'--其他备注信息--',2),(525,'光照过低','2019-09-07 03:25:14',302,'--其他备注信息--',1),(526,'CO2浓度过高','2019-09-07 03:25:14',302,'--其他备注信息--',4),(527,'CO2浓度过高','2019-09-07 03:25:14',301,'--其他备注信息--',2),(528,'温度过低','2019-09-07 03:25:14',302,'--其他备注信息--',3),(529,'CO2浓度过高','2019-09-07 03:25:14',302,'--其他备注信息--',3),(530,'湿度过高','2019-09-07 03:25:14',299,'--其他备注信息--',4),(531,'光照过强','2019-09-07 03:25:14',298,'--其他备注信息--',3),(532,'CO2浓度过高','2019-09-07 03:25:14',300,'--其他备注信息--',1),(533,'温度过高','2019-09-07 03:25:14',300,'--其他备注信息--',4),(534,'湿度过高','2019-09-07 03:25:14',301,'--其他备注信息--',3),(535,'湿度过高','2019-09-07 03:25:14',301,'--其他备注信息--',3),(536,'光照过强','2019-09-07 03:25:14',298,'--其他备注信息--',3),(537,'温度过低','2019-09-07 03:25:14',300,'--其他备注信息--',2),(538,'光照过强','2019-09-07 03:25:14',301,'--其他备注信息--',4),(539,'CO2浓度过高','2019-09-07 03:25:14',298,'--其他备注信息--',1),(540,'湿度过低','2019-09-07 03:25:14',300,'--其他备注信息--',3),(541,'光照过强','2019-09-07 03:25:14',300,'--其他备注信息--',3),(542,'温度过高','2019-09-07 03:25:14',298,'--其他备注信息--',1),(543,'光照过强','2019-09-07 03:25:14',298,'--其他备注信息--',1),(544,'湿度过低','2019-09-07 03:25:14',300,'--其他备注信息--',4),(545,'CO2浓度过高','2019-09-07 03:25:14',298,'--其他备注信息--',1),(546,'温度过高','2019-09-07 03:25:14',299,'--其他备注信息--',1),(547,'光照过低','2019-09-07 03:25:14',299,'--其他备注信息--',1),(548,'温度过低','2019-09-07 03:25:14',299,'--其他备注信息--',3),(549,'温度过高','2019-09-07 03:25:14',301,'--其他备注信息--',1),(550,'光照过低','2019-09-07 03:25:14',298,'--其他备注信息--',2),(551,'光照过低','2019-09-07 03:25:14',300,'--其他备注信息--',1),(552,'温度过低','2019-09-07 03:25:14',298,'--其他备注信息--',1),(553,'光照过强','2019-09-07 03:25:14',301,'--其他备注信息--',4),(554,'湿度过低','2019-09-07 03:25:14',298,'--其他备注信息--',4),(555,'光照过低','2019-09-07 03:25:14',301,'--其他备注信息--',3),(556,'光照过强','2019-09-07 03:25:14',302,'--其他备注信息--',3),(557,'湿度过高','2019-09-07 03:25:14',300,'--其他备注信息--',3),(558,'光照过低','2019-09-07 03:25:14',299,'--其他备注信息--',1),(559,'CO2浓度过高','2019-09-07 03:25:14',298,'--其他备注信息--',2),(560,'温度过高','2019-09-07 03:25:14',301,'--其他备注信息--',1),(561,'光照过强','2019-09-07 03:25:14',302,'--其他备注信息--',1),(562,'光照过低','2019-09-07 03:25:14',299,'--其他备注信息--',3),(563,'温度过低','2019-09-07 03:25:14',301,'--其他备注信息--',3),(564,'光照过低','2019-09-07 03:25:14',301,'--其他备注信息--',2),(565,'湿度过低','2019-09-07 03:25:14',302,'--其他备注信息--',2),(566,'温度过低','2019-09-07 03:25:14',302,'--其他备注信息--',1),(567,'温度过低','2019-09-07 03:25:14',301,'--其他备注信息--',3),(568,'温度过高','2019-09-07 03:25:14',301,'--其他备注信息--',1),(569,'光照过强','2019-09-07 03:25:14',298,'--其他备注信息--',2),(570,'温度过高','2019-09-07 03:25:14',301,'--其他备注信息--',4),(571,'CO2浓度过高','2019-09-07 03:25:14',298,'--其他备注信息--',3),(572,'CO2浓度过高','2019-09-07 03:25:14',300,'--其他备注信息--',2),(573,'温度过低','2019-09-07 03:25:14',301,'--其他备注信息--',1),(574,'湿度过低','2019-09-07 03:25:14',302,'--其他备注信息--',2),(575,'湿度过低','2019-09-07 03:25:14',302,'--其他备注信息--',2),(576,'CO2浓度过高','2019-09-07 03:25:14',298,'--其他备注信息--',3),(577,'温度过高','2019-09-07 03:25:14',299,'--其他备注信息--',4),(578,'CO2浓度过高','2019-09-07 03:25:14',298,'--其他备注信息--',2),(579,'湿度过低','2019-09-07 03:25:14',301,'--其他备注信息--',2),(580,'CO2浓度过高','2019-09-07 03:25:14',298,'--其他备注信息--',2),(581,'温度过高','2019-09-07 03:25:14',300,'--其他备注信息--',4),(582,'CO2浓度过高','2019-09-07 03:25:14',302,'--其他备注信息--',4),(583,'光照过低','2019-09-07 03:25:14',302,'--其他备注信息--',4),(584,'光照过强','2019-09-07 03:25:14',302,'--其他备注信息--',3),(585,'光照过低','2019-09-07 03:25:14',302,'--其他备注信息--',1),(586,'光照过强','2019-09-07 03:25:14',299,'--其他备注信息--',4),(587,'CO2浓度过高','2019-09-07 03:25:14',298,'--其他备注信息--',3),(588,'温度过低','2019-09-07 03:25:14',301,'--其他备注信息--',2),(589,'CO2浓度过高','2019-09-07 03:25:14',298,'--其他备注信息--',1),(590,'温度过高','2019-09-07 03:25:14',300,'--其他备注信息--',3),(591,'湿度过高','2019-09-07 03:25:14',301,'--其他备注信息--',1),(592,'湿度过高','2019-09-07 03:25:14',298,'--其他备注信息--',1),(593,'温度过低','2019-09-07 03:25:14',299,'--其他备注信息--',2),(594,'湿度过低','2019-09-07 03:25:14',299,'--其他备注信息--',3),(595,'光照过强','2019-09-07 03:25:14',299,'--其他备注信息--',2),(596,'光照过强','2019-09-07 03:25:14',299,'--其他备注信息--',2),(597,'CO2浓度过高','2019-09-07 03:25:14',300,'--其他备注信息--',2),(598,'CO2浓度过高','2019-09-07 03:25:14',302,'--其他备注信息--',2),(599,'CO2浓度过高','2019-09-07 03:25:14',299,'--其他备注信息--',4),(600,'光照过低','2019-09-07 03:25:14',300,'--其他备注信息--',2),(601,'湿度过高','2019-09-07 03:25:14',300,'--其他备注信息--',3),(602,'温度过高','2019-09-07 03:25:14',299,'--其他备注信息--',4),(603,'光照过低','2019-09-07 03:25:14',300,'--其他备注信息--',3),(604,'湿度过高','2019-09-07 03:25:14',300,'--其他备注信息--',4),(605,'光照过强','2019-09-07 03:25:14',301,'--其他备注信息--',1),(606,'光照过强','2019-09-07 03:25:14',298,'--其他备注信息--',2),(607,'湿度过高','2019-09-07 03:25:14',299,'--其他备注信息--',3),(608,'光照过低','2019-09-07 03:25:14',300,'--其他备注信息--',2),(609,'CO2浓度过高','2019-09-07 03:25:14',300,'--其他备注信息--',2),(610,'湿度过高','2019-09-07 03:25:14',302,'--其他备注信息--',3),(611,'湿度过高','2019-09-07 03:25:14',298,'--其他备注信息--',4),(612,'湿度过高','2019-09-07 03:25:14',301,'--其他备注信息--',3),(613,'湿度过高','2019-09-07 03:25:14',301,'--其他备注信息--',4),(614,'CO2浓度过高','2019-09-07 03:25:14',299,'--其他备注信息--',3),(615,'CO2浓度过高','2019-09-07 03:25:14',301,'--其他备注信息--',2),(616,'温度过低','2019-09-07 03:25:14',302,'--其他备注信息--',1),(620,'温度过高','2019-09-06 00:00:00',0,'需要跳节温度',1);
/*!40000 ALTER TABLE `sys_alarminfo` ENABLE KEYS */;
UNLOCK TABLES;

--
-- Table structure for table `sys_device`
--

DROP TABLE IF EXISTS `sys_device`;
/*!40101 SET @saved_cs_client     = @@character_set_client */;
 SET character_set_client = utf8mb4 ;
CREATE TABLE `sys_device` (
  `id` bigint(20) NOT NULL,
  `createdate` datetime DEFAULT NULL,
  `description` text,
  `devicename` varchar(255) DEFAULT NULL,
  `deviceurl` varchar(255) DEFAULT NULL,
  `factory` varchar(255) DEFAULT NULL,
  `price` bigint(20) NOT NULL,
  PRIMARY KEY (`id`)
) ENGINE=MyISAM DEFAULT CHARSET=utf8mb4 COLLATE=utf8mb4_0900_ai_ci;
/*!40101 SET character_set_client = @saved_cs_client */;

--
-- Dumping data for table `sys_device`
--

LOCK TABLES `sys_device` WRITE;
/*!40000 ALTER TABLE `sys_device` DISABLE KEYS */;
INSERT INTO `sys_device` VALUES (298,'2019-09-07 03:11:25','DHT11数字温湿度传感器是一款含有已校准数字信号输出的温湿度复合传感器。它应用专用的数字模块采集技术和温湿度传感技术，确保产品具有极高的可靠性与卓越的长期稳定性。传感器包括一个电阻式感湿元件和一个NTC测温元件，并与一个高性能8位单片机相连接。因此该产品具有品质卓越、超快响应、抗干扰能力强、性价比极高等优点。每个DHT11传感器都在极为精确的湿度校验室中进行校准。校准系数以程序的形式储存在OTP内存中，传感器内部在检测信号的处理过程中要调用这些校准系数。单线制串行接口，使系统集成变得简易快捷。超小的体积、极低的功耗，信号传输距离可达20米以上，使其成为各类应用甚至最为苛刻的应用场合的最佳选则。产品为4针单排引脚封装。连接方便，特殊封装形式可根据用户需求而提供。','DHT11湿度模块','温湿DHT11.png','telesky旗舰店',11),(299,'2019-09-07 03:11:25','mq-4气体传感器所使用的气敏材料是在清洁空气中电导率较低的二氧化锡(sno2)。当传感器所处环境中存在可燃气体时，传感器的电导率随空气中可燃气体浓度的增加而增大。使用简单的电路即可将电导率的变化转换为与该气体浓度相对应的输出信号。 mq-4气体传感器对甲烷的灵敏度高，对丙烷、丁烷也有较好的灵敏度。这种传感器可检测多种可燃性气体，特别是天然气，是一款适合多种应用的低成本传感器。模块应用：适用于家庭或工厂的甲烷气体，天然气等监测装置，可测试天然气、甲烷 300 to 10000ppm.','MQ-4天然气','MQ-4天然气.jpg','gopx',13),(300,'2019-09-07 03:11:25','环境光传感器 模拟光照强度模块 可见光传感器TEMT6000感应器高灵敏度为 570nm，其具有±60°的较宽半灵敏度角度。尽管该器件对环境光非常敏感，但它可抑制红外线 (IR) 光谱，从而可提供类似“人眼”的更高可见光谱响应性。','GY30光照传感器','GY30光照传感器.jpg','CHTBO',21),(301,'2019-09-07 03:11:25','HC-SR501是一个红外线感应模块，它依靠特定温度（36-38）的物体运动来判断人体。因此可以作为报警器的关键模块。在关键的地方，如门口，放上这么一个传感器，可以起到防盗的作用。它有两个调节旋钮，一个调节最远探测距离，一个调节延时时间，具体参数如上。当人走过或停留在感应范围中，模块通过D0发送高电平信号。','红外感应模块HC-SR501','人体红外线感应模块HC-SR501.jpg','ST宇时先锋',14);
/*!40000 ALTER TABLE `sys_device` ENABLE KEYS */;
UNLOCK TABLES;

--
-- Table structure for table `sys_flower`
--

DROP TABLE IF EXISTS `sys_flower`;
/*!40101 SET @saved_cs_client     = @@character_set_client */;
 SET character_set_client = utf8mb4 ;
CREATE TABLE `sys_flower` (
  `id` bigint(20) NOT NULL,
  `color` varchar(255) DEFAULT NULL,
  `createdate` datetime DEFAULT NULL,
  `cuttingperiod` varchar(255) DEFAULT NULL,
  `description` text,
  `growperiod` varchar(255) DEFAULT NULL,
  `iconurl` varchar(255) DEFAULT NULL,
  `name` varchar(255) DEFAULT NULL,
  `type` varchar(255) DEFAULT NULL,
  `waterperiod` varchar(255) DEFAULT NULL,
  PRIMARY KEY (`id`)
) ENGINE=MyISAM DEFAULT CHARSET=utf8mb4 COLLATE=utf8mb4_0900_ai_ci;
/*!40101 SET character_set_client = @saved_cs_client */;

--
-- Dumping data for table `sys_flower`
--

LOCK TABLES `sys_flower` WRITE;
/*!40000 ALTER TABLE `sys_flower` DISABLE KEYS */;
INSERT INTO `sys_flower` VALUES (303,'紫色','2019-09-07 03:17:05','三天','紫菜（Porphyra），是在海中互生藻类的统称。红藻纲，红毛菜科。藻体呈膜状，称为叶状体。紫色或褐绿色。形状随种类而异。紫菜属海产红藻。叶状体由包埋于薄层胶质中的一层细胞组成，深褐、红色或紫色。紫菜固着器盘状，假根丝状。生长于浅海潮间带的岩石上。种类多，主要有条斑紫菜、坛紫菜、甘紫菜等。中国沿海地区已进行人工栽培。21世纪初中国紫菜产量跃居世界第一位。富含蛋白质和碘、磷、钙等。供食用和药用。','三月','紫菜.png','紫菜','藻类植物','10天'),(304,'紫色','2019-09-07 03:17:05','俩周','融齿捕蝇草是在组培过程中发生变异而诞生的一种早期非常难得的怪异捕蝇草园艺品种，由一位德国食虫植物爱好者培育和挑选出来。成为古怪系捕蝇草中非常具有竞争力的品种，并且逐渐得到普及。 捕蝇草属于茅膏菜科捕蝇草属(Dionaea)，全属仅1种，但有较多的园艺种、变种，原产美国卡罗莱纳州的大西洋沿岸平原地区，威尔明顿市周边100公里范围内。生长在稀树草原沼泽的泥炭或沙质土壤中，生长环境常年潮湿','俩月','融齿捕蝇草.png','融齿捕蝇草','食虫植物','一周'),(305,'橙色','2019-09-07 03:17:05','三天','莺歌凤梨别名岐花鹦哥凤梨、珊瑚花凤梨，株高20厘米左右。叶从生，呈杯形，叶带状，长20-30 厘米，宽l.5-2厘米，肉质，较薄，鲜绿色，有光泽，复穗状花序，花刁细小，直立，自叶丛中抽生。 花苞刁状，基部艳红，端部黄绿色或嫩黄色，花小，黄色。原产巴西，中国国近几年有引种，各地均有栽培，为我国栽培最广泛、也最流行的盆栽观叶植物并不是梨。','三月','珊瑚花凤梨.png','珊瑚花凤梨','凤梨科植物','10天'),(306,'白色','2019-09-07 03:17:05','一周','多年生草本，有具叶的匍枝，全体无毛或近于无毛。茎外倾，曲折，高30—60厘米，多分枝，四棱形，微具槽。','40天','柠檬留兰香.png','柠檬留兰香','多年生草本花卉','三天'),(307,'橙色','2019-09-07 03:17:05','俩周','王妃雷神为龙舌兰科龙舌兰属植物，属园艺种；原产墨西哥中南部，植株矮小，无茎；叶质厚而软，叶宽而短，是雷神的小型变种。其常见的变种还有王妃雷神白中斑、王妃雷神浅中斑、王妃雷神黄中斑、王妃雷神白覆轮、王妃雷神黄覆轮等，其观赏价值都很高，为园艺珍品。','俩月','王妃雷神.png','王妃雷神','多肉多浆植物','一周'),(308,'橙色','2019-09-07 03:17:05','一周','小花鸢尾（学名：Iris speculatrix Hance）：多年生草本，植株基部围有棕褐色的老叶叶鞘纤维及披针形的鞘状叶。根状茎二歧状分枝，斜伸，棕褐色；根较粗壮，少分枝。叶略弯曲，暗绿色，有光泽，剑形或条形，有3-5条纵脉。花茎光滑，不分枝或偶有侧枝，有1-2枚茎生叶；苞片2-3枚，草质，绿色，狭披针形，内包含有1-2朵花；外花被裂片匙形，有深紫色的环形斑纹，内花被裂片狭倒披针形，直立。','40天','小花鸢尾.png','小花鸢尾','多年生草本花卉','10天'),(309,'蓝色','2019-09-07 03:17:05','俩周','七姊妹也称十姐妹，是蔷薇科蔷薇属多花蔷薇的一个变种。花重瓣，深粉红色，常7-10朵簇生在一起，具芳香。蔷薇是落叶或半常绿灌木，茎直立或攀缘，通常有皮刺。叶互生，奇数羽状复叶，具托叶，小叶有锯齿。花单生或组成伞房花序,生于新梢顶端，花径一般约2厘米。栽培供观赏，可作护坡及棚架之用。','俩月','七姊妹.png','七姊妹','灌木花卉','三天');
/*!40000 ALTER TABLE `sys_flower` ENABLE KEYS */;
UNLOCK TABLES;

--
-- Table structure for table `sys_monitor`
--

DROP TABLE IF EXISTS `sys_monitor`;
/*!40101 SET @saved_cs_client     = @@character_set_client */;
 SET character_set_client = utf8mb4 ;
CREATE TABLE `sys_monitor` (
  `id` bigint(20) NOT NULL,
  `createdate` datetime DEFAULT NULL,
  `location` varchar(255) DEFAULT NULL,
  `name` varchar(255) DEFAULT NULL,
  `remark` varchar(255) DEFAULT NULL,
  `states` bit(1) DEFAULT NULL,
  `userid` bigint(20) NOT NULL,
  `version` varchar(255) DEFAULT NULL,
  PRIMARY KEY (`id`)
) ENGINE=MyISAM DEFAULT CHARSET=utf8mb4 COLLATE=utf8mb4_0900_ai_ci;
/*!40101 SET character_set_client = @saved_cs_client */;

--
-- Dumping data for table `sys_monitor`
--

LOCK TABLES `sys_monitor` WRITE;
/*!40000 ALTER TABLE `sys_monitor` DISABLE KEYS */;
INSERT INTO `sys_monitor` VALUES (311,'2019-09-07 03:19:42','逸夫教学楼','珊瑚花凤梨监控项目','这里是项目的一些介绍信息，例如温室大棚智能监控系统一般都配备的有环境温湿度监测，通过温度传感器和湿度传感器可以及时了解大棚内的环境情况，监测数据可以通过无线的方式传送至后台！用户可以更加直观的看到数据，可以对数据进行对比分析！同时发现问题可以及时采取措施！比如打开风机通风，灌溉等！',_binary '\0',272,'version 1.1.0'),(312,'2019-09-07 03:19:42','第三教学楼','王妃雷神监控项目','这里是项目的一些介绍信息，例如温室大棚智能监控系统一般都配备的有环境温湿度监测，通过温度传感器和湿度传感器可以及时了解大棚内的环境情况，监测数据可以通过无线的方式传送至后台！用户可以更加直观的看到数据，可以对数据进行对比分析！同时发现问题可以及时采取措施！比如打开风机通风，灌溉等！',_binary '',251,'version 1.1.0'),(313,'2019-09-07 03:19:42','计算机楼','捕蝇草监控项目','这里是项目的一些介绍信息，例如温室大棚智能监控系统一般都配备的有环境温湿度监测，通过温度传感器和湿度传感器可以及时了解大棚内的环境情况，监测数据可以通过无线的方式传送至后台！用户可以更加直观的看到数据，可以对数据进行对比分析！同时发现问题可以及时采取措施！比如打开风机通风，灌溉等！',_binary '\0',253,'version 1.1.0'),(314,'2019-09-07 03:19:42','南九公寓','室内摄像监控项目','这里是项目的一些介绍信息，例如温室大棚智能监控系统一般都配备的有环境温湿度监测，通过温度传感器和湿度传感器可以及时了解大棚内的环境情况，监测数据可以通过无线的方式传送至后台！用户可以更加直观的看到数据，可以对数据进行对比分析！同时发现问题可以及时采取措施！比如打开风机通风，灌溉等！',_binary '',258,'version 1.1.0'),(315,'2019-09-07 03:19:42','型食堂','总光照控制项目','这里是项目的一些介绍信息，例如温室大棚智能监控系统一般都配备的有环境温湿度监测，通过温度传感器和湿度传感器可以及时了解大棚内的环境情况，监测数据可以通过无线的方式传送至后台！用户可以更加直观的看到数据，可以对数据进行对比分析！同时发现问题可以及时采取措施！比如打开风机通风，灌溉等！',_binary '\0',270,'version 1.1.0');
/*!40000 ALTER TABLE `sys_monitor` ENABLE KEYS */;
UNLOCK TABLES;

--
-- Table structure for table `sys_operationinfo`
--

DROP TABLE IF EXISTS `sys_operationinfo`;
/*!40101 SET @saved_cs_client     = @@character_set_client */;
 SET character_set_client = utf8mb4 ;
CREATE TABLE `sys_operationinfo` (
  `id` bigint(20) NOT NULL,
  `createdate` datetime DEFAULT NULL,
  `deviceid` bigint(20) NOT NULL,
  `operateinfo` varchar(255) DEFAULT NULL,
  `operatereasion` varchar(255) DEFAULT NULL,
  `userid` bigint(20) NOT NULL,
  PRIMARY KEY (`id`)
) ENGINE=MyISAM DEFAULT CHARSET=utf8mb4 COLLATE=utf8mb4_0900_ai_ci;
/*!40101 SET character_set_client = @saved_cs_client */;

--
-- Dumping data for table `sys_operationinfo`
--

LOCK TABLES `sys_operationinfo` WRITE;
/*!40000 ALTER TABLE `sys_operationinfo` DISABLE KEYS */;
INSERT INTO `sys_operationinfo` VALUES (417,'2019-09-07 03:25:14',298,'停止喷雾加水','湿度过高',227),(418,'2019-09-07 03:25:14',301,'关闭风扇','温度过低',216),(419,'2019-09-07 03:25:14',301,'打开风扇','温度过高',257),(420,'2019-09-07 03:25:14',298,'关闭CO2产生器','CO2浓度过高',251),(421,'2019-09-07 03:25:14',302,'打开喷雾器或水泵','湿度过低',236),(422,'2019-09-07 03:25:14',299,'打开CO2产生器','CO2浓度过高',241),(423,'2019-09-07 03:25:14',301,'打开CO2产生器','CO2浓度过高',266),(424,'2019-09-07 03:25:14',299,'打开风扇','温度过高',209),(425,'2019-09-07 03:25:14',302,'关闭遮荫棚','光照过低',231),(426,'2019-09-07 03:25:14',302,'关闭CO2产生器','CO2浓度过高',245),(427,'2019-09-07 03:25:14',301,'关闭CO2产生器','CO2浓度过高',205),(428,'2019-09-07 03:25:14',302,'关闭风扇','温度过低',214),(429,'2019-09-07 03:25:14',302,'打开CO2产生器','CO2浓度过高',245),(430,'2019-09-07 03:25:14',299,'停止喷雾加水','湿度过高',218),(431,'2019-09-07 03:25:14',298,'降低遮荫棚','光照过强',258),(432,'2019-09-07 03:25:14',300,'打开CO2产生器','CO2浓度过高',212),(433,'2019-09-07 03:25:14',300,'打开风扇','温度过高',219),(434,'2019-09-07 03:25:14',301,'停止喷雾加水','湿度过高',198),(435,'2019-09-07 03:25:14',301,'停止喷雾加水','湿度过高',265),(436,'2019-09-07 03:25:14',298,'降低遮荫棚','光照过强',220),(437,'2019-09-07 03:25:14',300,'关闭风扇','温度过低',224),(438,'2019-09-07 03:25:14',301,'降低遮荫棚','光照过强',269),(439,'2019-09-07 03:25:14',298,'关闭CO2产生器','CO2浓度过高',240),(440,'2019-09-07 03:25:14',300,'打开喷雾器或水泵','湿度过低',188),(441,'2019-09-07 03:25:14',300,'降低遮荫棚','光照过强',265),(442,'2019-09-07 03:25:14',298,'打开风扇','温度过高',253),(443,'2019-09-07 03:25:14',298,'降低遮荫棚','光照过强',203),(444,'2019-09-07 03:25:14',300,'打开喷雾器或水泵','湿度过低',238),(445,'2019-09-07 03:25:14',298,'打开CO2产生器','CO2浓度过高',233),(446,'2019-09-07 03:25:14',299,'打开风扇','温度过高',252),(447,'2019-09-07 03:25:14',299,'关闭遮荫棚','光照过低',217),(448,'2019-09-07 03:25:14',299,'关闭风扇','温度过低',253),(449,'2019-09-07 03:25:14',301,'打开风扇','温度过高',201),(450,'2019-09-07 03:25:14',298,'关闭遮荫棚','光照过低',187),(451,'2019-09-07 03:25:14',300,'关闭遮荫棚','光照过低',257),(452,'2019-09-07 03:25:14',298,'关闭风扇','温度过低',270),(453,'2019-09-07 03:25:14',301,'降低遮荫棚','光照过强',224),(454,'2019-09-07 03:25:14',298,'打开喷雾器或水泵','湿度过低',221),(455,'2019-09-07 03:25:14',301,'关闭遮荫棚','光照过低',235),(456,'2019-09-07 03:25:14',302,'降低遮荫棚','光照过强',264),(457,'2019-09-07 03:25:14',300,'停止喷雾加水','湿度过高',243),(458,'2019-09-07 03:25:14',299,'关闭遮荫棚','光照过低',225),(459,'2019-09-07 03:25:14',298,'打开CO2产生器','CO2浓度过高',216),(460,'2019-09-07 03:25:14',301,'打开风扇','温度过高',249),(461,'2019-09-07 03:25:14',302,'降低遮荫棚','光照过强',261),(462,'2019-09-07 03:25:14',299,'关闭遮荫棚','光照过低',247),(463,'2019-09-07 03:25:14',301,'关闭风扇','温度过低',198),(464,'2019-09-07 03:25:14',301,'关闭遮荫棚','光照过低',229),(465,'2019-09-07 03:25:14',302,'打开喷雾器或水泵','湿度过低',210),(466,'2019-09-07 03:25:14',302,'关闭风扇','温度过低',203),(467,'2019-09-07 03:25:14',301,'关闭风扇','温度过低',269),(468,'2019-09-07 03:25:14',301,'打开风扇','温度过高',214),(469,'2019-09-07 03:25:14',298,'降低遮荫棚','光照过强',195),(470,'2019-09-07 03:25:14',301,'打开风扇','温度过高',268),(471,'2019-09-07 03:25:14',298,'打开CO2产生器','CO2浓度过高',185),(472,'2019-09-07 03:25:14',300,'打开CO2产生器','CO2浓度过高',217),(473,'2019-09-07 03:25:14',301,'关闭风扇','温度过低',234),(474,'2019-09-07 03:25:14',302,'打开喷雾器或水泵','湿度过低',262),(475,'2019-09-07 03:25:14',302,'打开喷雾器或水泵','湿度过低',272),(476,'2019-09-07 03:25:14',298,'打开CO2产生器','CO2浓度过高',189),(477,'2019-09-07 03:25:14',299,'打开风扇','温度过高',214),(478,'2019-09-07 03:25:14',298,'打开CO2产生器','CO2浓度过高',271),(479,'2019-09-07 03:25:14',301,'打开喷雾器或水泵','湿度过低',237),(480,'2019-09-07 03:25:14',298,'关闭CO2产生器','CO2浓度过高',237),(481,'2019-09-07 03:25:14',300,'打开风扇','温度过高',226),(482,'2019-09-07 03:25:14',302,'关闭CO2产生器','CO2浓度过高',237),(483,'2019-09-07 03:25:14',302,'关闭遮荫棚','光照过低',256),(484,'2019-09-07 03:25:14',302,'降低遮荫棚','光照过强',220),(485,'2019-09-07 03:25:14',302,'关闭遮荫棚','光照过低',241),(486,'2019-09-07 03:25:14',299,'降低遮荫棚','光照过强',210),(487,'2019-09-07 03:25:14',298,'关闭CO2产生器','CO2浓度过高',205),(488,'2019-09-07 03:25:14',301,'关闭风扇','温度过低',266),(489,'2019-09-07 03:25:14',298,'关闭CO2产生器','CO2浓度过高',207),(490,'2019-09-07 03:25:14',300,'打开风扇','温度过高',192),(491,'2019-09-07 03:25:14',301,'停止喷雾加水','湿度过高',233),(492,'2019-09-07 03:25:14',298,'停止喷雾加水','湿度过高',270),(493,'2019-09-07 03:25:14',299,'关闭风扇','温度过低',261),(494,'2019-09-07 03:25:14',299,'打开喷雾器或水泵','湿度过低',272),(495,'2019-09-07 03:25:14',299,'降低遮荫棚','光照过强',244),(496,'2019-09-07 03:25:14',299,'降低遮荫棚','光照过强',255),(497,'2019-09-07 03:25:14',300,'打开CO2产生器','CO2浓度过高',224),(498,'2019-09-07 03:25:14',302,'关闭CO2产生器','CO2浓度过高',207),(499,'2019-09-07 03:25:14',299,'打开CO2产生器','CO2浓度过高',263),(500,'2019-09-07 03:25:14',300,'关闭遮荫棚','光照过低',270),(501,'2019-09-07 03:25:14',300,'停止喷雾加水','湿度过高',271),(502,'2019-09-07 03:25:14',299,'打开风扇','温度过高',230),(503,'2019-09-07 03:25:14',300,'关闭遮荫棚','光照过低',271),(504,'2019-09-07 03:25:14',300,'停止喷雾加水','湿度过高',244),(505,'2019-09-07 03:25:14',301,'降低遮荫棚','光照过强',212),(506,'2019-09-07 03:25:14',298,'降低遮荫棚','光照过强',184),(507,'2019-09-07 03:25:14',299,'停止喷雾加水','湿度过高',260),(508,'2019-09-07 03:25:14',300,'关闭遮荫棚','光照过低',256),(509,'2019-09-07 03:25:14',300,'打开CO2产生器','CO2浓度过高',223),(510,'2019-09-07 03:25:14',302,'停止喷雾加水','湿度过高',260),(511,'2019-09-07 03:25:14',298,'停止喷雾加水','湿度过高',238),(512,'2019-09-07 03:25:14',301,'停止喷雾加水','湿度过高',266),(513,'2019-09-07 03:25:14',301,'停止喷雾加水','湿度过高',270),(514,'2019-09-07 03:25:14',299,'关闭CO2产生器','CO2浓度过高',251),(515,'2019-09-07 03:25:14',301,'打开CO2产生器','CO2浓度过高',256),(516,'2019-09-07 03:25:14',302,'关闭风扇','温度过低',270);
/*!40000 ALTER TABLE `sys_operationinfo` ENABLE KEYS */;
UNLOCK TABLES;

--
-- Table structure for table `sys_sensorinfo`
--

DROP TABLE IF EXISTS `sys_sensorinfo`;
/*!40101 SET @saved_cs_client     = @@character_set_client */;
 SET character_set_client = utf8mb4 ;
CREATE TABLE `sys_sensorinfo` (
  `id` bigint(20) NOT NULL,
  `createdate` datetime DEFAULT NULL,
  `info` varchar(255) DEFAULT NULL,
  `monitorid` bigint(20) NOT NULL,
  `type` varchar(255) DEFAULT NULL,
  PRIMARY KEY (`id`)
) ENGINE=MyISAM DEFAULT CHARSET=utf8mb4 COLLATE=utf8mb4_0900_ai_ci;
/*!40101 SET character_set_client = @saved_cs_client */;

--
-- Dumping data for table `sys_sensorinfo`
--

LOCK TABLES `sys_sensorinfo` WRITE;
/*!40000 ALTER TABLE `sys_sensorinfo` DISABLE KEYS */;
INSERT INTO `sys_sensorinfo` VALUES (317,'2019-09-07 03:25:14','2035,39,28,28,35,29,26,35,23,34,26,23,23,30,35,25,34,30,36,39,21,39,21,39,21,29,20,23,25,39,25,37,26,27,23,24,28,39,25,35,34,28,22,26,31,23,38,24,21,34,29,21,39,37,21,28,30,22,31,37,',311,'光照'),(318,'2019-09-07 03:25:14','2023,22,24,37,27,25,35,28,38,33,38,25,36,30,26,22,32,28,25,28,21,25,26,36,38,28,28,38,26,33,29,37,34,38,29,30,38,30,32,28,24,37,20,34,33,27,24,23,28,30,27,32,30,30,37,23,27,28,29,23,',313,'温度'),(319,'2019-09-07 03:25:14','2025,30,37,29,25,24,26,33,26,27,26,27,36,20,31,32,25,37,38,24,23,36,27,33,36,22,25,30,30,20,20,35,23,21,37,26,20,36,37,27,30,32,39,26,30,30,20,25,28,34,28,22,39,35,39,26,27,39,29,23,',313,'光照'),(320,'2019-09-07 03:25:14','2024,30,23,30,30,28,34,26,30,25,29,24,38,39,22,33,25,24,22,31,25,36,36,37,34,33,37,30,38,31,37,31,22,32,26,37,39,36,21,39,37,31,26,39,23,28,25,29,39,23,27,36,34,27,22,30,32,36,30,25,',313,'光照'),(321,'2019-09-07 03:25:14','2039,23,25,31,35,28,28,32,21,23,21,25,24,26,34,33,27,28,34,34,37,21,36,21,39,38,32,26,24,26,28,31,35,32,20,21,24,38,38,29,21,31,29,30,23,32,33,28,30,28,25,31,38,38,33,38,24,37,35,30,',315,'光照'),(322,'2019-09-07 03:25:14','2035,25,20,35,31,25,35,27,23,31,35,39,20,24,31,38,22,28,27,25,23,33,32,20,21,28,23,22,23,22,35,21,36,28,20,24,20,36,22,36,23,27,34,35,24,39,35,34,31,34,38,22,23,30,20,36,36,36,32,26,',314,'温度'),(323,'2019-09-07 03:25:14','2039,34,24,39,31,26,29,23,22,37,20,27,26,39,39,33,29,37,25,31,39,36,34,37,28,25,20,27,22,25,24,35,36,31,24,37,26,36,33,39,21,31,32,32,28,26,21,24,34,30,27,30,31,38,25,37,21,39,23,33,',310,'湿度'),(324,'2019-09-07 03:25:14','2022,26,27,34,35,27,37,26,33,32,28,39,22,36,28,37,31,31,33,30,39,34,24,24,31,33,27,27,20,36,37,31,33,30,33,25,31,26,25,30,27,25,26,36,39,34,27,26,25,24,36,29,21,21,26,24,26,32,20,37,',316,'湿度'),(325,'2019-09-07 03:25:14','2033,37,28,22,29,27,20,30,32,20,34,23,24,33,20,35,26,22,23,37,30,36,36,36,27,38,39,37,27,22,36,24,26,37,32,21,30,38,31,39,28,29,20,22,21,38,32,31,36,34,33,24,36,26,23,27,25,28,34,35,',313,'光照'),(326,'2019-09-07 03:25:14','2029,36,26,29,33,29,34,35,33,26,32,30,30,20,21,29,35,32,20,35,34,28,25,24,30,29,33,25,28,20,22,23,29,22,35,37,36,31,36,23,25,38,32,35,37,31,22,38,33,26,22,23,22,24,29,29,27,25,37,35,',316,'温度'),(327,'2019-09-07 03:25:14','2028,31,35,37,36,37,36,39,29,34,26,39,31,33,26,26,30,27,33,38,22,32,25,28,24,21,30,21,33,27,25,39,25,33,23,39,26,36,29,29,35,27,28,28,36,23,36,24,29,33,35,26,31,36,20,25,35,38,21,24,',314,'光照'),(328,'2019-09-07 03:25:14','2039,34,32,20,26,39,30,31,27,30,20,36,37,39,38,31,35,28,30,30,35,22,32,36,38,23,26,37,21,27,35,29,36,25,36,26,22,26,35,20,20,30,23,39,27,36,36,27,21,29,28,21,28,29,24,26,27,32,27,33,',315,'湿度'),(329,'2019-09-07 03:25:14','2038,38,20,35,20,23,26,39,23,36,24,35,29,39,34,28,36,39,33,31,28,20,24,38,38,29,20,22,38,29,30,32,39,39,37,23,27,37,34,37,38,25,25,20,25,33,29,37,24,24,27,28,35,38,28,26,34,30,29,31,',312,'湿度'),(330,'2019-09-07 03:25:14','2022,37,31,28,35,21,29,27,30,26,30,23,22,29,33,25,35,39,25,20,23,30,28,20,36,36,30,21,38,24,22,38,29,20,20,22,37,26,31,29,23,39,21,27,30,38,34,26,23,38,30,34,37,29,24,38,28,24,20,22,',313,'光照'),(331,'2019-09-07 03:25:14','2030,33,37,20,37,32,36,29,27,35,25,39,32,22,20,31,34,36,23,23,25,32,31,25,34,29,20,29,27,35,24,23,30,31,34,39,31,27,21,37,27,38,37,29,27,21,38,39,26,22,21,25,24,28,35,21,28,25,35,22,',315,'光照'),(332,'2019-09-07 03:25:14','2033,32,28,24,22,34,29,31,32,26,34,32,25,22,33,32,26,21,25,35,29,21,39,34,23,27,35,34,31,29,24,32,37,30,29,31,39,38,33,20,26,24,26,31,36,39,38,30,38,33,23,35,33,21,38,23,31,29,39,34,',316,'温度'),(333,'2019-09-07 03:25:14','2030,33,35,31,27,24,38,26,27,29,37,39,39,20,22,21,27,24,31,24,28,26,20,39,29,28,29,31,35,21,21,38,38,25,32,22,28,27,24,21,20,27,30,26,35,38,29,32,21,37,23,32,39,30,37,33,30,23,28,31,',313,'湿度'),(334,'2019-09-07 03:25:14','2020,35,22,24,21,31,26,20,29,36,27,36,35,34,32,31,25,39,23,23,23,23,34,31,31,39,22,30,39,26,26,34,28,37,27,33,28,23,37,33,36,33,25,27,25,23,33,29,33,26,30,32,32,34,25,33,20,25,38,38,',310,'温度'),(335,'2019-09-07 03:25:14','2030,37,34,21,20,21,33,36,39,21,26,35,36,28,22,24,29,35,31,33,26,33,20,31,30,28,27,29,32,28,36,39,35,20,26,38,36,25,34,26,39,31,31,23,36,23,30,35,25,35,33,36,38,22,31,38,36,32,37,39,',314,'湿度'),(336,'2019-09-07 03:25:14','2032,33,25,36,24,31,27,22,23,34,34,35,23,33,33,24,24,20,36,24,25,30,23,33,32,32,21,21,20,21,39,35,25,34,38,27,23,35,26,36,27,21,21,27,26,31,21,38,32,24,21,37,26,31,39,21,25,33,31,23,',314,'温度'),(337,'2019-09-07 03:25:14','2032,22,27,38,28,22,38,30,35,36,24,33,37,37,32,28,29,30,38,24,32,31,31,20,36,24,24,22,25,26,38,27,39,27,32,23,34,25,24,23,34,22,27,39,21,29,36,20,35,22,21,22,23,31,23,28,29,35,27,25,',310,'温度'),(338,'2019-09-07 03:25:14','2029,27,30,31,34,27,34,36,36,20,29,30,21,25,33,22,31,21,22,29,20,29,38,33,31,21,34,33,32,25,26,22,24,26,38,26,31,39,28,30,31,29,22,28,30,30,20,21,23,25,39,37,26,28,39,29,38,36,27,25,',315,'温度'),(339,'2019-09-07 03:25:14','2021,32,39,22,32,33,24,26,39,36,35,23,39,28,31,38,21,35,22,32,27,32,34,32,33,24,20,37,20,35,24,32,31,27,23,36,34,25,27,39,24,32,29,28,28,22,25,31,32,31,31,25,27,33,25,31,21,23,38,26,',315,'光照'),(340,'2019-09-07 03:25:14','2039,25,33,33,39,32,33,25,28,26,27,37,26,33,32,37,37,20,38,37,32,30,20,24,26,29,28,29,35,33,36,20,33,34,26,30,30,32,34,23,30,36,34,21,27,28,33,29,33,23,29,35,23,24,29,32,24,35,39,36,',315,'湿度'),(341,'2019-09-07 03:25:14','2024,35,26,32,39,26,26,22,27,35,38,31,28,32,39,36,20,24,38,24,24,39,25,35,27,26,27,37,38,29,37,29,32,33,21,36,25,31,29,25,34,26,36,28,28,28,25,23,35,36,25,29,33,22,32,37,24,28,36,36,',311,'湿度'),(342,'2019-09-07 03:25:14','2021,31,26,28,21,36,21,27,29,33,28,30,22,22,37,26,28,28,36,39,22,26,33,21,25,21,37,27,26,25,37,30,23,27,24,30,21,39,22,38,32,39,34,30,31,31,39,26,30,37,29,35,26,37,35,38,20,29,25,21,',312,'湿度'),(343,'2019-09-07 03:25:14','2022,34,26,39,33,34,35,22,34,32,26,29,36,21,21,39,29,39,36,34,37,22,24,39,32,28,29,26,37,29,37,29,28,30,35,34,36,39,29,29,22,29,27,25,21,27,39,32,31,33,33,37,24,30,20,25,38,31,32,34,',315,'湿度'),(344,'2019-09-07 03:25:14','2025,22,29,23,33,34,31,35,32,21,38,35,22,30,22,39,25,35,24,33,30,29,20,22,22,25,32,34,23,30,37,30,27,31,36,23,33,31,22,27,24,31,30,30,36,22,32,39,22,27,24,28,28,24,24,25,31,31,28,39,',316,'湿度'),(345,'2019-09-07 03:25:14','2023,25,35,37,22,34,32,31,38,35,26,28,21,27,22,21,25,35,28,34,24,32,36,20,21,25,21,27,26,30,20,32,28,33,24,39,35,22,26,31,26,23,24,35,39,37,37,33,35,33,28,26,31,31,37,29,24,24,20,21,',311,'温度'),(346,'2019-09-07 03:25:14','2037,27,29,25,26,37,29,33,34,20,39,23,38,32,26,34,29,30,29,25,24,25,25,39,30,22,28,38,35,35,37,33,20,23,32,33,30,36,24,26,28,39,26,31,33,25,37,23,23,36,39,32,27,20,23,26,21,20,31,22,',313,'光照'),(347,'2019-09-07 03:25:14','2032,20,29,21,39,21,34,20,39,23,23,21,20,36,22,25,35,36,38,31,27,22,26,37,39,31,31,34,34,23,34,22,38,32,32,26,29,27,36,23,30,22,23,22,33,32,22,32,23,39,27,28,33,23,29,30,38,24,20,33,',314,'湿度'),(348,'2019-09-07 03:25:14','2037,37,39,23,29,35,31,27,30,30,34,32,34,39,22,26,29,26,28,24,31,39,26,39,29,23,29,23,29,28,32,20,24,38,37,26,23,21,38,20,22,36,20,27,28,32,31,37,37,22,33,26,26,27,22,27,27,38,28,26,',310,'温度'),(349,'2019-09-07 03:25:14','2034,28,32,29,20,32,34,21,22,25,35,36,21,36,37,34,20,36,26,36,22,32,29,29,23,38,27,21,28,31,29,30,39,20,38,35,39,27,20,32,29,24,30,23,21,39,25,29,28,35,29,24,30,22,20,29,23,27,34,27,',314,'温度'),(350,'2019-09-07 03:25:14','2027,23,37,29,20,21,25,37,30,21,24,34,36,23,38,38,38,28,34,28,38,32,23,22,25,29,39,38,32,27,32,39,32,28,21,33,26,24,33,27,36,37,23,34,34,36,38,38,25,20,39,32,30,32,25,35,38,25,21,25,',311,'湿度'),(351,'2019-09-07 03:25:14','2027,33,31,30,26,39,34,32,36,29,36,25,23,30,33,23,23,21,33,21,30,21,30,29,20,30,28,38,32,25,34,28,35,28,23,21,35,24,25,26,37,20,29,37,22,39,20,38,36,35,25,25,21,37,25,33,28,29,37,35,',310,'光照'),(352,'2019-09-07 03:25:14','2028,36,34,32,21,31,25,28,25,25,38,20,36,21,33,34,26,22,35,34,39,31,25,34,26,26,34,20,32,23,22,23,33,24,37,39,34,34,25,27,37,27,24,30,26,32,30,30,35,35,20,24,36,26,35,24,25,33,36,38,',313,'光照'),(353,'2019-09-07 03:25:14','2024,22,28,37,35,22,25,37,32,21,30,23,20,35,36,20,36,37,20,21,26,37,22,35,23,26,25,29,25,30,32,20,37,37,22,26,36,26,27,34,34,36,32,29,21,37,34,22,34,30,26,29,39,24,32,25,25,25,38,31,',315,'湿度'),(354,'2019-09-07 03:25:14','2038,34,37,37,34,23,21,31,20,35,34,28,24,28,38,30,36,37,33,37,31,28,26,22,22,23,22,34,29,33,23,20,27,32,33,37,35,31,38,23,26,25,36,33,30,26,26,26,24,31,24,28,24,33,23,38,35,28,37,38,',313,'温度'),(355,'2019-09-07 03:25:14','2032,36,28,22,28,32,34,23,22,22,29,21,28,37,20,21,32,21,38,32,24,33,27,23,38,21,36,31,36,22,30,34,22,28,32,20,21,37,24,33,20,36,37,35,33,29,26,20,33,24,38,31,21,29,27,20,30,35,29,35,',316,'温度'),(356,'2019-09-07 03:25:14','2032,30,30,35,35,22,30,35,28,34,20,22,23,20,27,26,35,24,33,21,35,39,20,32,21,26,20,33,26,27,36,31,39,34,26,29,33,35,25,39,29,30,26,21,27,37,27,33,37,26,37,35,23,23,20,33,39,27,25,29,',312,'湿度'),(357,'2019-09-07 03:25:14','2035,39,28,24,31,21,29,37,35,33,30,30,31,34,29,29,20,27,39,25,22,28,31,22,34,31,33,23,34,39,24,34,26,31,37,33,38,31,26,25,30,27,20,32,25,33,34,34,31,22,31,34,34,30,29,36,28,30,36,25,',313,'温度'),(358,'2019-09-07 03:25:14','2033,25,25,34,27,29,28,23,33,27,32,30,20,36,26,24,30,27,24,36,39,35,35,27,39,22,21,22,30,39,32,35,26,29,20,39,33,34,25,24,33,27,24,22,32,35,28,28,34,39,29,28,38,37,23,33,24,33,25,26,',311,'光照'),(359,'2019-09-07 03:25:14','2023,24,31,39,36,26,27,28,34,31,34,35,22,30,21,20,24,28,20,38,31,34,34,32,20,34,30,33,22,29,38,25,26,27,38,28,34,23,33,21,36,38,29,25,24,35,21,23,24,30,28,29,24,22,20,29,31,29,21,25,',313,'湿度'),(360,'2019-09-07 03:25:14','2037,33,26,28,33,27,36,28,21,28,34,31,28,28,27,20,31,21,37,34,23,21,29,29,39,36,33,29,33,36,37,23,28,35,26,27,25,34,36,31,26,32,31,25,31,39,21,36,36,37,35,21,36,32,25,25,25,30,32,20,',316,'光照'),(361,'2019-09-07 03:25:14','2032,20,31,30,30,20,30,22,39,26,30,24,20,24,35,30,30,20,21,21,25,33,38,28,20,32,25,22,33,31,20,31,32,26,32,26,33,24,30,21,24,37,33,34,29,22,25,26,29,39,31,38,33,37,39,29,26,28,39,32,',314,'光照'),(362,'2019-09-07 03:25:14','2020,24,26,21,32,25,28,35,28,22,25,36,38,20,21,29,22,37,23,37,39,21,33,28,39,27,33,39,26,20,37,39,23,34,39,25,35,34,23,23,39,28,27,32,36,32,22,30,38,31,20,29,30,33,30,25,38,21,29,37,',316,'湿度'),(363,'2019-09-07 03:25:14','2030,30,24,37,27,26,38,27,23,36,30,31,31,27,39,27,21,33,29,31,25,39,22,35,22,27,25,38,33,23,30,36,37,26,30,29,30,24,28,25,29,31,33,24,33,20,21,39,37,33,36,26,37,33,24,29,23,23,31,26,',316,'温度'),(364,'2019-09-07 03:25:14','2029,26,32,31,27,20,29,21,27,35,28,28,27,37,32,38,25,27,35,24,32,35,39,20,34,29,35,28,32,22,32,27,26,33,27,26,21,33,36,21,35,29,39,32,23,30,26,30,30,36,23,31,22,36,36,26,29,37,35,29,',310,'湿度'),(365,'2019-09-07 03:25:14','2029,27,36,32,28,29,38,32,31,27,39,22,31,30,39,32,28,27,38,29,38,29,21,30,28,35,26,38,32,25,28,37,38,30,22,24,27,24,39,26,32,26,37,25,39,26,31,27,31,23,23,30,35,28,24,35,33,23,33,22,',311,'湿度'),(366,'2019-09-07 03:25:14','2036,35,36,34,31,31,37,20,31,34,39,38,34,33,35,20,27,39,20,21,33,20,20,33,20,30,24,30,32,28,37,25,34,39,23,27,29,33,31,22,26,30,22,35,21,23,38,37,20,35,38,31,33,33,26,28,25,31,35,28,',314,'温度'),(367,'2019-09-07 03:25:14','2020,39,29,30,22,23,38,29,20,23,27,24,34,31,36,27,24,38,35,22,34,29,29,21,24,24,29,39,37,26,34,32,35,34,20,37,33,32,39,39,33,35,36,25,27,29,33,36,30,26,24,28,21,39,36,31,26,34,24,22,',316,'温度'),(368,'2019-09-07 03:25:14','2025,39,33,21,21,35,25,32,25,24,26,28,33,35,36,39,38,34,31,34,30,35,30,38,28,27,29,20,34,25,37,21,21,23,38,33,20,35,28,24,33,23,23,27,38,31,34,25,24,21,36,20,22,35,34,20,33,33,24,34,',316,'光照'),(369,'2019-09-07 03:25:14','2035,36,32,25,23,29,21,37,30,39,25,30,36,24,23,27,27,26,22,24,28,32,36,36,31,21,25,21,30,20,39,37,33,39,28,38,24,29,20,35,38,20,38,22,39,24,38,38,20,31,25,34,30,34,32,33,25,36,22,25,',313,'光照'),(370,'2019-09-07 03:25:14','2026,21,37,34,31,28,28,25,37,37,22,34,38,25,25,32,38,20,34,22,38,27,36,28,39,28,25,27,35,28,31,32,32,32,21,30,21,24,31,27,29,23,33,32,21,21,32,24,38,28,39,24,21,22,25,28,29,32,31,31,',316,'光照'),(371,'2019-09-07 03:25:14','2020,31,34,35,24,21,28,30,28,35,34,37,30,37,38,36,22,36,30,39,27,38,30,30,20,27,21,25,31,30,36,29,26,35,35,34,23,39,33,24,39,23,23,29,38,39,20,37,29,30,20,28,32,22,27,33,39,29,37,33,',310,'湿度'),(372,'2019-09-07 03:25:14','2023,23,24,27,27,38,26,32,28,37,21,23,37,30,25,30,39,23,37,25,24,27,20,34,24,35,38,23,23,21,36,25,35,29,26,22,32,24,30,39,29,30,27,24,37,25,27,32,32,20,29,30,37,26,31,38,33,31,29,35,',313,'温度'),(373,'2019-09-07 03:25:14','2030,26,34,26,21,38,23,31,27,35,36,32,30,28,30,37,25,26,29,23,36,38,21,29,32,30,30,25,35,34,24,21,27,35,38,31,33,38,34,24,22,36,26,32,26,35,22,36,21,21,34,26,23,20,23,26,20,29,34,38,',314,'湿度'),(374,'2019-09-07 03:25:14','2032,32,37,24,20,33,28,26,26,29,39,27,27,20,33,34,23,31,29,22,20,21,20,27,24,31,38,23,39,26,27,34,20,37,25,34,27,39,36,30,26,34,21,21,37,26,24,34,27,29,25,34,26,23,37,29,39,35,23,32,',316,'光照'),(375,'2019-09-07 03:25:14','2029,30,23,37,35,39,25,33,33,21,29,20,27,28,20,37,38,37,20,26,27,23,26,33,38,25,36,29,38,20,34,39,30,26,31,39,37,21,34,28,37,20,30,20,25,32,32,23,26,20,27,36,34,39,23,22,29,22,35,21,',310,'光照'),(376,'2019-09-07 03:25:14','2027,26,29,29,26,36,23,28,21,34,27,32,24,23,25,38,30,28,25,28,36,22,27,31,22,20,39,31,23,35,35,26,24,33,20,27,38,24,26,23,21,20,37,33,36,20,25,30,38,35,20,24,34,36,24,32,28,31,36,27,',310,'湿度'),(377,'2019-09-07 03:25:14','2029,30,36,30,34,31,22,36,26,38,28,32,39,34,21,32,33,31,37,22,20,29,34,21,26,32,24,39,37,30,23,35,34,35,25,28,23,26,25,37,35,32,28,25,32,28,26,31,38,38,29,22,31,26,31,38,39,30,22,34,',312,'温度'),(378,'2019-09-07 03:25:14','2021,23,22,22,37,32,32,38,36,35,27,38,22,20,36,33,38,21,30,27,39,31,37,32,21,21,20,35,35,35,34,37,24,27,21,33,31,31,20,33,36,24,36,23,20,20,26,39,36,34,27,36,31,30,32,39,38,24,37,38,',316,'湿度'),(379,'2019-09-07 03:25:14','2038,29,22,28,28,28,35,35,23,34,37,38,37,25,39,31,32,29,38,34,34,26,33,27,23,27,34,24,33,34,26,21,36,32,26,39,32,21,39,39,28,37,36,22,33,34,30,26,36,26,29,24,37,33,22,34,21,29,33,29,',310,'温度'),(380,'2019-09-07 03:25:14','2036,26,39,36,30,21,36,39,33,24,25,31,39,24,23,31,35,34,37,38,25,24,35,20,25,26,35,28,20,34,39,23,20,31,22,38,30,20,29,24,37,21,34,23,32,37,33,37,21,23,28,26,38,30,37,39,34,27,34,35,',311,'湿度'),(381,'2019-09-07 03:25:14','2021,35,25,30,29,36,39,20,36,35,27,36,23,38,33,23,20,36,21,28,35,32,27,21,39,28,22,34,35,31,22,24,23,34,36,33,39,26,39,26,22,30,26,35,23,31,22,34,29,29,33,26,34,26,20,39,35,27,21,35,',315,'湿度'),(382,'2019-09-07 03:25:14','2031,22,39,24,38,29,33,29,38,24,35,32,21,25,24,24,20,31,36,33,33,33,30,39,31,21,23,38,39,31,26,39,38,37,29,29,32,31,37,23,31,24,38,38,21,27,33,39,36,21,27,21,28,32,31,25,24,24,29,31,',310,'湿度'),(383,'2019-09-07 03:25:14','2025,29,35,31,25,37,37,35,32,27,35,21,20,26,39,34,22,38,38,38,28,32,28,24,36,38,33,39,21,27,20,24,32,28,38,26,34,34,28,20,37,20,37,25,36,30,27,23,25,28,37,21,30,29,31,36,24,27,30,20,',312,'湿度'),(384,'2019-09-07 03:25:14','2030,22,23,35,20,21,29,34,26,25,34,38,25,23,28,23,24,33,24,31,37,25,38,22,32,24,33,21,21,35,35,23,37,25,38,28,21,28,29,23,27,36,26,23,21,20,28,35,28,32,28,34,34,35,24,31,20,24,29,34,',311,'湿度'),(385,'2019-09-07 03:25:14','2021,36,38,29,31,29,39,35,31,21,31,20,39,20,28,24,39,28,33,22,28,22,30,25,37,25,34,24,36,22,30,38,36,27,29,30,29,26,27,29,30,31,35,20,31,30,33,25,36,27,28,26,33,39,28,28,32,23,32,23,',313,'光照'),(386,'2019-09-07 03:25:14','2032,37,30,28,30,38,22,29,25,35,23,38,37,21,36,27,33,38,23,34,33,29,35,31,31,32,20,30,33,36,21,37,33,32,38,33,24,30,20,25,36,31,35,38,27,38,23,33,33,31,22,39,38,22,37,38,29,35,22,34,',310,'温度'),(387,'2019-09-07 03:25:14','2030,27,22,30,32,20,22,34,39,35,29,23,32,24,29,25,31,34,25,25,39,39,27,36,26,37,38,39,29,21,24,32,20,21,35,32,38,24,34,25,32,37,39,20,24,21,35,28,28,39,29,25,25,27,21,30,24,32,34,26,',314,'湿度'),(388,'2019-09-07 03:25:14','2027,23,37,33,27,28,28,21,37,26,31,31,20,31,31,30,31,22,27,38,31,27,28,25,32,24,27,23,23,28,34,28,31,28,26,34,38,23,37,37,24,36,28,31,28,39,35,28,38,25,28,35,24,33,30,37,37,39,20,35,',314,'湿度'),(389,'2019-09-07 03:25:14','2024,28,27,21,38,30,28,34,28,37,22,32,20,35,31,37,33,26,26,29,34,33,20,29,32,35,38,35,37,31,22,25,36,38,39,35,31,33,31,24,35,36,36,34,26,36,29,34,33,36,28,38,33,35,21,33,30,26,28,33,',313,'光照'),(390,'2019-09-07 03:25:14','2028,37,20,24,31,31,24,33,37,37,33,39,20,24,33,25,25,26,22,24,21,31,24,37,28,25,21,27,29,27,25,36,27,31,21,33,20,34,36,39,36,24,25,25,29,28,33,36,34,35,24,25,31,36,27,23,20,33,37,25,',310,'温度'),(391,'2019-09-07 03:25:14','2030,34,21,37,23,26,27,32,31,24,23,21,32,26,24,26,37,24,24,27,34,37,22,27,21,23,39,26,21,33,30,22,32,29,30,29,32,32,28,37,22,37,35,23,31,26,33,34,25,31,23,36,26,38,36,27,24,25,39,30,',312,'湿度'),(392,'2019-09-07 03:25:14','2028,29,20,26,28,23,34,25,24,31,26,25,34,21,38,33,21,28,35,27,31,27,30,31,30,34,36,39,37,36,36,25,34,29,38,35,28,33,39,34,27,32,32,22,27,25,29,29,20,26,24,24,31,33,35,21,33,25,31,33,',311,'湿度'),(393,'2019-09-07 03:25:14','2032,36,26,36,21,22,34,30,22,26,28,27,31,21,35,22,35,28,36,39,23,31,35,31,33,24,32,33,28,33,32,34,32,32,35,24,32,23,36,25,36,36,33,27,27,39,27,32,33,24,30,38,35,25,24,21,32,31,36,21,',312,'湿度'),(394,'2019-09-07 03:25:14','2038,29,33,35,38,30,29,33,26,33,29,21,23,25,33,35,29,37,29,39,33,37,28,26,27,25,21,33,35,36,31,35,33,27,27,32,26,36,26,28,34,28,21,22,32,27,37,29,25,27,35,25,29,22,31,39,27,33,39,39,',316,'温度'),(395,'2019-09-07 03:25:14','2034,28,28,31,39,30,27,29,27,30,28,33,33,27,30,23,24,31,21,37,31,35,29,33,30,34,28,20,22,32,20,32,30,38,35,28,31,35,31,28,24,20,22,28,31,33,39,34,32,33,24,32,32,32,21,32,37,26,37,22,',314,'光照'),(396,'2019-09-07 03:25:14','2035,21,23,29,28,25,30,30,31,26,29,26,30,28,31,23,38,38,24,30,38,23,32,38,27,36,35,24,21,37,29,27,21,29,35,35,32,24,39,27,34,34,35,27,25,20,30,29,32,23,32,28,34,38,28,20,25,39,25,34,',314,'湿度'),(397,'2019-09-07 03:25:14','2038,27,32,24,26,39,36,24,27,27,29,24,35,28,26,27,27,39,20,29,39,27,35,26,38,21,23,37,33,21,36,31,21,38,28,30,23,38,36,21,27,39,38,22,28,26,38,35,27,31,31,27,23,27,26,21,34,30,22,24,',312,'温度'),(398,'2019-09-07 03:25:14','2024,38,34,28,34,20,39,31,37,35,20,24,38,34,33,30,21,22,31,32,25,33,29,33,20,36,22,22,29,38,30,22,36,28,39,25,39,21,37,21,35,39,23,39,30,37,33,31,28,36,39,22,36,37,34,29,33,32,30,38,',316,'光照'),(399,'2019-09-07 03:25:14','2031,29,22,36,30,28,35,33,29,37,25,34,34,28,29,34,31,33,24,21,33,35,37,30,35,20,32,26,26,21,39,36,25,20,24,26,33,22,32,38,35,23,39,35,25,37,28,27,31,33,32,37,28,38,32,32,22,36,36,34,',310,'光照'),(400,'2019-09-07 03:25:14','2028,26,24,27,22,30,27,22,33,23,21,35,22,21,27,22,25,30,37,35,29,23,25,26,33,27,20,34,31,36,26,27,22,32,36,36,21,21,27,28,30,31,36,30,29,34,28,36,22,27,29,25,30,23,38,22,35,22,32,26,',314,'温度'),(401,'2019-09-07 03:25:14','2025,37,28,23,29,39,34,22,24,25,25,39,33,23,36,36,35,37,33,27,28,36,35,34,32,33,33,35,25,22,34,20,26,25,32,27,31,29,26,36,37,36,36,28,30,20,30,33,32,38,28,36,39,20,32,27,36,26,33,21,',316,'光照'),(402,'2019-09-07 03:25:14','2026,27,29,36,34,29,20,20,21,20,23,33,28,39,36,37,33,22,27,38,30,26,20,38,28,29,24,26,32,28,38,32,28,21,37,35,37,34,37,37,23,28,32,27,31,37,38,33,33,29,20,22,26,33,31,29,39,23,33,34,',313,'光照'),(403,'2019-09-07 03:25:14','2028,25,23,37,27,30,36,32,25,26,38,32,27,31,32,37,31,36,32,30,26,26,30,34,20,37,27,34,25,36,27,21,35,24,28,37,24,32,34,28,23,35,33,30,39,39,30,25,31,33,23,25,28,29,29,35,21,35,30,20,',315,'光照'),(404,'2019-09-07 03:25:14','2025,23,25,26,23,24,28,32,33,29,37,36,27,35,31,27,39,24,30,31,27,38,28,33,32,25,35,31,38,28,29,37,38,25,21,37,29,35,38,26,30,28,22,26,35,25,29,39,28,21,24,32,30,39,25,37,24,20,21,36,',313,'温度'),(405,'2019-09-07 03:25:14','2026,24,21,31,20,34,38,32,30,22,26,39,24,29,35,27,37,23,33,26,29,32,31,29,39,32,25,23,25,35,25,34,21,36,31,34,38,22,32,23,24,36,27,27,37,38,20,39,22,20,39,30,22,27,32,32,23,36,21,36,',311,'温度'),(406,'2019-09-07 03:25:14','2027,28,20,20,33,39,29,23,20,31,22,28,30,39,39,36,33,36,34,36,35,38,22,36,23,29,21,21,29,21,31,25,29,27,31,26,27,24,29,39,31,36,21,20,25,25,28,23,32,32,32,29,20,38,31,35,21,20,37,31,',314,'光照'),(407,'2019-09-07 03:25:14','2025,21,29,32,39,34,38,22,29,39,33,25,20,20,22,30,33,24,29,28,36,33,32,33,33,38,27,36,28,25,38,39,32,38,20,29,32,25,35,21,29,39,39,29,31,28,28,22,23,23,27,36,22,39,36,22,32,25,32,25,',315,'湿度'),(408,'2019-09-07 03:25:14','2039,30,28,39,23,36,36,30,35,35,39,38,22,31,31,33,28,39,24,21,30,25,26,36,35,21,24,34,31,27,38,38,23,20,38,29,38,37,31,22,20,38,34,23,36,26,30,37,27,28,27,30,24,35,28,27,26,24,34,26,',312,'湿度'),(409,'2019-09-07 03:25:14','2035,34,28,30,39,21,34,39,24,38,38,31,39,25,21,32,23,34,39,20,20,22,33,39,26,30,36,26,25,35,36,27,22,35,25,28,25,21,22,32,27,36,23,37,30,36,33,33,39,38,38,28,36,29,31,28,32,26,27,27,',310,'湿度'),(410,'2019-09-07 03:25:14','2025,38,31,24,27,31,25,33,29,26,39,25,32,29,32,38,27,35,30,32,36,38,35,23,36,31,32,39,34,32,21,20,36,26,35,20,29,36,34,23,27,20,38,30,29,23,26,21,29,36,24,32,29,22,24,25,27,32,36,23,',312,'湿度'),(411,'2019-09-07 03:25:14','2020,39,37,25,36,37,36,20,36,22,24,24,24,24,35,28,33,23,25,22,23,31,20,20,20,28,37,22,39,34,22,31,30,28,38,20,21,21,37,26,23,21,30,35,23,26,39,23,38,34,28,33,39,26,35,28,28,37,24,26,',316,'湿度'),(412,'2019-09-07 03:25:14','2033,36,37,23,39,37,33,26,22,32,23,20,27,36,29,21,31,23,33,33,20,28,24,28,39,25,27,35,27,39,22,31,21,33,26,28,32,39,29,27,36,27,31,25,32,33,24,28,25,20,29,37,26,24,21,28,30,21,37,35,',313,'光照'),(413,'2019-09-07 03:25:14','2026,28,29,30,27,27,33,21,28,34,31,24,25,20,35,25,30,33,27,32,29,25,30,34,38,21,37,30,31,23,33,28,37,22,38,31,35,30,21,29,38,26,26,38,26,39,28,21,25,30,37,27,30,39,34,26,26,21,20,35,',315,'光照'),(414,'2019-09-07 03:25:14','2027,33,29,24,27,39,20,30,38,26,30,30,25,29,22,32,34,34,23,38,26,39,32,34,38,33,36,38,23,32,35,30,24,22,22,37,23,31,35,29,31,30,33,30,21,31,20,22,32,37,24,30,31,28,21,21,39,27,30,37,',312,'温度'),(415,'2019-09-07 03:25:14','2029,29,21,30,35,36,20,36,24,25,36,25,28,32,28,39,21,23,24,21,32,25,26,22,29,26,35,21,20,36,37,28,37,20,22,35,31,27,23,33,21,25,31,22,21,35,34,34,27,25,38,27,30,27,37,34,22,21,33,35,',312,'湿度'),(416,'2019-09-07 03:25:14','2022,34,24,25,35,25,26,24,33,27,29,26,34,32,28,24,20,25,27,22,27,27,24,34,32,39,31,32,26,25,37,23,28,36,25,26,23,28,30,28,26,27,29,30,20,34,22,24,39,31,22,31,35,20,31,25,29,27,33,31,',315,'光照');
/*!40000 ALTER TABLE `sys_sensorinfo` ENABLE KEYS */;
UNLOCK TABLES;

--
-- Table structure for table `sys_user`
--

DROP TABLE IF EXISTS `sys_user`;
/*!40101 SET @saved_cs_client     = @@character_set_client */;
 SET character_set_client = utf8mb4 ;
CREATE TABLE `sys_user` (
  `id` bigint(20) NOT NULL,
  `address` varchar(255) DEFAULT NULL,
  `create_date` datetime DEFAULT NULL,
  `description` varchar(255) DEFAULT NULL,
  `password` varchar(255) NOT NULL,
  `role` varchar(255) DEFAULT NULL,
  `salt` varchar(255) DEFAULT NULL,
  `tel` varchar(255) DEFAULT NULL,
  `url` varchar(255) DEFAULT NULL,
  `username` varchar(255) NOT NULL,
  PRIMARY KEY (`id`)
) ENGINE=MyISAM DEFAULT CHARSET=utf8mb4 COLLATE=utf8mb4_0900_ai_ci;
/*!40101 SET character_set_client = @saved_cs_client */;

--
-- Dumping data for table `sys_user`
--

LOCK TABLES `sys_user` WRITE;
/*!40000 ALTER TABLE `sys_user` DISABLE KEYS */;
INSERT INTO `sys_user` VALUES (268,'吉林省长春吉大南区','2019-09-06 13:38:03','办事方法有改进，工作有进步，该优秀员工做事情踏踏实实、做人本分，能 够虚心接受市场招商经理的建议，努力学习不足之处；大力开发所负责区域的空 白品种，并积极和经理进行各种环节的沟通；在 XX 年 X 月份进步异常迅速；对 待工作兢兢业业，处处为公司考虑，不记个人得失;','123456','管理员','123456','1785412884','--------','张园博'),(269,'吉林省大学城公寓','2019-09-06 13:38:03','工作热情高;人品端正、德行优良、自身修养较高、对待客户诚信；对待 工作严谨、处处为公司考虑，能够虚心接受同事给予的建议并改正；学习进步较 快、受到大多数客户的好评','123456','用户','123456','1785412671','--------','刘凤魁'),(270,'吉林省长春吉大南区','2019-09-06 13:38:03','办事方法有改进，工作有进步，该优秀员工做事情踏踏实实、做人本分，能 够虚心接受市场招商经理的建议，努力学习不足之处；大力开发所负责区域的空 白品种，并积极和经理进行各种环节的沟通；在 XX 年 X 月份进步异常迅速；对 待工作兢兢业业，处处为公司考虑，不记个人得失;','123456','管理员','123456','1785412794','--------','张莉彬'),(271,'安徽省马鞍山雨山区','2019-09-06 13:38:03','良好的个人形象和素养，专业技能或业务水平优秀，为公司利益不计个 人得失，对本职工作兢兢业业，锐意进取，为公司员工树立良好形象并起到带头 作用;为公司创造出较好的企业效益或社会效益','123456','用户','123456','178541243','--------','赵雅欣'),(272,'吉林省大学城公寓','2019-09-06 13:38:03','工作热情高;人品端正、德行优良、自身修养较高、对待客户诚信；对待 工作严谨、处处为公司考虑，能够虚心接受同事给予的建议并改正；学习进步较 快、受到大多数客户的好评','123456','用户','123456','1785412869','--------','陈赫元'),(263,'安徽省马鞍山雨山区','2019-09-06 13:38:03','良好的个人形象和素养，专业技能或业务水平优秀，为公司利益不计个 人得失，对本职工作兢兢业业，锐意进取，为公司员工树立良好形象并起到带头 作用;为公司创造出较好的企业效益或社会效益','123456','管理员','123456','1785412790','--------','杨舒涵'),(264,'吉林省北苑一公寓','2019-09-06 13:38:03','此同事在工作上勤勤恳恳，任劳任怨，认真负责，业务水平也在学习中不断提高， 关心同事，非常值得大家学习，新晋社会如此努力难能可贵','123456','管理员','123456','1785412156','--------','阚澳'),(265,'安徽省合肥安庆','2019-09-06 13:38:03','有良好的个人形象和素养，专业技能或业务水平优秀，为公司业务创造更 多机会和效益，受公司客户及合作企业好评，为公司创造出较好的企业效益或社 会效益;工作认真负责，积极主动，服从整体安排，爱岗敬业，乐于助人，与同 事相处融洽，业务知识扎实，业务水平优秀，能带动东区的给为同事积极工作， 胜任东区大区经理工作;工作出色，业务熟悉，为我们成立起榜样。','123456','用户','123456','1785412901','--------','李佳泽'),(266,'安徽马鞍山和县','2019-09-06 13:38:03','工作认真，负责;工作认真负责，爱岗敬业，服从整体安排，形象良好； 对本职工作兢兢业业，锐意进取，乐于助人，关心同事，与同事相处融洽，善于 合作，起带头作用','123456','管理员','123456','1785412942','--------','程友琪'),(267,'安徽省和县姥桥','2019-09-06 13:38:03','该优秀员工勤恳务实，善于学习，对本职工作兢兢业业，注重个人成长;工作成绩进 步大， 业绩发展迅速， 或有效改进自己的工作方式， 从而在工作中收到良好效果； 悟性较强，能很快适应新的岗位，在新的业务区域可以立即开展工作；能随时根 据工作需要调整工作方法和端正心态，不断反思自己，注重个人成长；能在业余 时间精专业务知识，提高工作能力;悟性高，工作认真勤奋，吃苦耐劳，进步很 快，在新人中起到了榜样作用','123456','用户','123456','178541281','--------','贾斯涵'),(262,'安徽省和县姥桥','2019-09-06 13:38:03','该优秀员工勤恳务实，善于学习，对本职工作兢兢业业，注重个人成长;工作成绩进 步大， 业绩发展迅速， 或有效改进自己的工作方式， 从而在工作中收到良好效果； 悟性较强，能很快适应新的岗位，在新的业务区域可以立即开展工作；能随时根 据工作需要调整工作方法和端正心态，不断反思自己，注重个人成长；能在业余 时间精专业务知识，提高工作能力;悟性高，工作认真勤奋，吃苦耐劳，进步很 快，在新人中起到了榜样作用','123456','管理员','123456','1785412558','--------','黄秋阳'),(258,'安徽马鞍山和县','2019-09-06 13:38:03','工作认真，负责;工作认真负责，爱岗敬业，服从整体安排，形象良好； 对本职工作兢兢业业，锐意进取，乐于助人，关心同事，与同事相处融洽，善于 合作，起带头作用','123456','管理员','123456','1785412348','--------','宋莹莹'),(259,'安徽省马鞍山雨山区','2019-09-06 13:38:03','良好的个人形象和素养，专业技能或业务水平优秀，为公司利益不计个 人得失，对本职工作兢兢业业，锐意进取，为公司员工树立良好形象并起到带头 作用;为公司创造出较好的企业效益或社会效益','123456','用户','123456','1785412547','--------','周福来'),(260,'吉林省南九公寓','2019-09-06 13:38:03','工作认真负责，积极主动，服从整体安排，爱岗敬业，业务知识扎实， 业务水平优秀，与北区各位经理相处融洽，树立榜样，胜任北区大区经理工作; 人品端正、做事塌实、行为规范、对待所负责区域进行有效指导，并提出建设性 意见;高度敬业，表现出色','123456','用户','123456','1785412877','--------','李阳'),(261,'安徽马鞍山天鹰','2019-09-06 13:38:03','此优秀员工工作认真刻苦，服务态度非常好，使经理在XXXXX的时候没有后顾之忧; 工作积极,热情周到，有一定的领导能力，专业技能业务水平优秀，业务水平也 在不断提高，关心每一位合鑫人，是我们大家学习的榜样;能胜任本职工作，爱 岗敬业、乐于助人，与同事相处融洽，服从整体安排，对本职工作兢兢业业，锐意进取，起榜样作用，为我们树立良好形象','123456','管理员','123456','1785412206','--------','贾宝田'),(257,'安徽省和县姥桥','2019-09-06 13:38:03','该优秀员工勤恳务实，善于学习，对本职工作兢兢业业，注重个人成长;工作成绩进 步大， 业绩发展迅速， 或有效改进自己的工作方式， 从而在工作中收到良好效果； 悟性较强，能很快适应新的岗位，在新的业务区域可以立即开展工作；能随时根 据工作需要调整工作方法和端正心态，不断反思自己，注重个人成长；能在业余 时间精专业务知识，提高工作能力;悟性高，工作认真勤奋，吃苦耐劳，进步很 快，在新人中起到了榜样作用','123456','管理员','123456','1785412954','--------','张璇'),(256,'安徽马鞍山和县','2019-09-06 13:38:03','工作认真，负责;工作认真负责，爱岗敬业，服从整体安排，形象良好； 对本职工作兢兢业业，锐意进取，乐于助人，关心同事，与同事相处融洽，善于 合作，起带头作用','123456','用户','123456','1785412249','--------','张磊'),(251,'安徽马鞍山天鹰','2019-09-06 13:38:03','此优秀员工工作认真刻苦，服务态度非常好，使经理在XXXXX的时候没有后顾之忧; 工作积极,热情周到，有一定的领导能力，专业技能业务水平优秀，业务水平也 在不断提高，关心每一位合鑫人，是我们大家学习的榜样;能胜任本职工作，爱 岗敬业、乐于助人，与同事相处融洽，服从整体安排，对本职工作兢兢业业，锐意进取，起榜样作用，为我们树立良好形象','123456','管理员','123456','1785412134','--------','文一霞'),(252,'安徽省和县姥桥','2019-09-06 13:38:03','该优秀员工勤恳务实，善于学习，对本职工作兢兢业业，注重个人成长;工作成绩进 步大， 业绩发展迅速， 或有效改进自己的工作方式， 从而在工作中收到良好效果； 悟性较强，能很快适应新的岗位，在新的业务区域可以立即开展工作；能随时根 据工作需要调整工作方法和端正心态，不断反思自己，注重个人成长；能在业余 时间精专业务知识，提高工作能力;悟性高，工作认真勤奋，吃苦耐劳，进步很 快，在新人中起到了榜样作用','123456','用户','123456','1785412801','--------','张东升'),(253,'安徽省马鞍山雨山区','2019-09-06 13:38:03','良好的个人形象和素养，专业技能或业务水平优秀，为公司利益不计个 人得失，对本职工作兢兢业业，锐意进取，为公司员工树立良好形象并起到带头 作用;为公司创造出较好的企业效益或社会效益','123456','管理员','123456','1785412106','--------','如斯太木·艾麦尔'),(254,'吉林省北苑一公寓','2019-09-06 13:38:03','此同事在工作上勤勤恳恳，任劳任怨，认真负责，业务水平也在学习中不断提高， 关心同事，非常值得大家学习，新晋社会如此努力难能可贵','123456','管理员','123456','1785412120','--------','王历昊'),(255,'安徽省马鞍山雨山区','2019-09-06 13:38:03','良好的个人形象和素养，专业技能或业务水平优秀，为公司利益不计个 人得失，对本职工作兢兢业业，锐意进取，为公司员工树立良好形象并起到带头 作用;为公司创造出较好的企业效益或社会效益','123456','管理员','123456','1785412340','--------','于昆平'),(249,'吉林省大学城公寓','2019-09-06 13:38:03','工作热情高;人品端正、德行优良、自身修养较高、对待客户诚信；对待 工作严谨、处处为公司考虑，能够虚心接受同事给予的建议并改正；学习进步较 快、受到大多数客户的好评','123456','管理员','123456','1785412176','--------','张岚滔'),(250,'安徽省合肥安庆','2019-09-06 13:38:03','有良好的个人形象和素养，专业技能或业务水平优秀，为公司业务创造更 多机会和效益，受公司客户及合作企业好评，为公司创造出较好的企业效益或社 会效益;工作认真负责，积极主动，服从整体安排，爱岗敬业，乐于助人，与同 事相处融洽，业务知识扎实，业务水平优秀，能带动东区的给为同事积极工作， 胜任东区大区经理工作;工作出色，业务熟悉，为我们成立起榜样。','123456','用户','123456','1785412901','--------','阚博文'),(248,'安徽省马鞍山雨山区','2019-09-06 13:38:03','良好的个人形象和素养，专业技能或业务水平优秀，为公司利益不计个 人得失，对本职工作兢兢业业，锐意进取，为公司员工树立良好形象并起到带头 作用;为公司创造出较好的企业效益或社会效益','123456','用户','123456','1785412997','--------','蒋卓宸'),(246,'安徽马鞍山和县','2019-09-06 13:38:03','工作认真，负责;工作认真负责，爱岗敬业，服从整体安排，形象良好； 对本职工作兢兢业业，锐意进取，乐于助人，关心同事，与同事相处融洽，善于 合作，起带头作用','123456','管理员','123456','1785412528','--------','张淑敏'),(247,'吉林省南九公寓','2019-09-06 13:38:03','工作认真负责，积极主动，服从整体安排，爱岗敬业，业务知识扎实， 业务水平优秀，与北区各位经理相处融洽，树立榜样，胜任北区大区经理工作; 人品端正、做事塌实、行为规范、对待所负责区域进行有效指导，并提出建设性 意见;高度敬业，表现出色','123456','管理员','123456','1785412796','--------','郭欣宇'),(244,'吉林省长春吉大南区','2019-09-06 13:38:03','办事方法有改进，工作有进步，该优秀员工做事情踏踏实实、做人本分，能 够虚心接受市场招商经理的建议，努力学习不足之处；大力开发所负责区域的空 白品种，并积极和经理进行各种环节的沟通；在 XX 年 X 月份进步异常迅速；对 待工作兢兢业业，处处为公司考虑，不记个人得失;','123456','管理员','123456','1785412650','--------','王睿'),(245,'安徽省马鞍山雨山区','2019-09-06 13:38:03','良好的个人形象和素养，专业技能或业务水平优秀，为公司利益不计个 人得失，对本职工作兢兢业业，锐意进取，为公司员工树立良好形象并起到带头 作用;为公司创造出较好的企业效益或社会效益','123456','管理员','123456','1785412970','--------','杨靖泽'),(241,'安徽省合肥安庆','2019-09-06 13:38:03','有良好的个人形象和素养，专业技能或业务水平优秀，为公司业务创造更 多机会和效益，受公司客户及合作企业好评，为公司创造出较好的企业效益或社 会效益;工作认真负责，积极主动，服从整体安排，爱岗敬业，乐于助人，与同 事相处融洽，业务知识扎实，业务水平优秀，能带动东区的给为同事积极工作， 胜任东区大区经理工作;工作出色，业务熟悉，为我们成立起榜样。','123456','用户','123456','178541291','--------','梁琪'),(242,'吉林省北苑一公寓','2019-09-06 13:38:03','此同事在工作上勤勤恳恳，任劳任怨，认真负责，业务水平也在学习中不断提高， 关心同事，非常值得大家学习，新晋社会如此努力难能可贵','123456','用户','123456','1785412813','--------','栾东明'),(243,'吉林省长春吉大南区','2019-09-06 13:38:03','办事方法有改进，工作有进步，该优秀员工做事情踏踏实实、做人本分，能 够虚心接受市场招商经理的建议，努力学习不足之处；大力开发所负责区域的空 白品种，并积极和经理进行各种环节的沟通；在 XX 年 X 月份进步异常迅速；对 待工作兢兢业业，处处为公司考虑，不记个人得失;','123456','管理员','123456','1785412614','--------','陈建玮'),(239,'吉林省南九公寓','2019-09-06 13:38:03','工作认真负责，积极主动，服从整体安排，爱岗敬业，业务知识扎实， 业务水平优秀，与北区各位经理相处融洽，树立榜样，胜任北区大区经理工作; 人品端正、做事塌实、行为规范、对待所负责区域进行有效指导，并提出建设性 意见;高度敬业，表现出色','123456','管理员','123456','1785412526','--------','聂晨飞'),(240,'安徽省和县姥桥','2019-09-06 13:38:03','该优秀员工勤恳务实，善于学习，对本职工作兢兢业业，注重个人成长;工作成绩进 步大， 业绩发展迅速， 或有效改进自己的工作方式， 从而在工作中收到良好效果； 悟性较强，能很快适应新的岗位，在新的业务区域可以立即开展工作；能随时根 据工作需要调整工作方法和端正心态，不断反思自己，注重个人成长；能在业余 时间精专业务知识，提高工作能力;悟性高，工作认真勤奋，吃苦耐劳，进步很 快，在新人中起到了榜样作用','123456','管理员','123456','1785412270','--------','李良'),(236,'安徽省合肥安庆','2019-09-06 13:38:03','有良好的个人形象和素养，专业技能或业务水平优秀，为公司业务创造更 多机会和效益，受公司客户及合作企业好评，为公司创造出较好的企业效益或社 会效益;工作认真负责，积极主动，服从整体安排，爱岗敬业，乐于助人，与同 事相处融洽，业务知识扎实，业务水平优秀，能带动东区的给为同事积极工作， 胜任东区大区经理工作;工作出色，业务熟悉，为我们成立起榜样。','123456','管理员','123456','1785412118','--------','普穷'),(237,'吉林省南九公寓','2019-09-06 13:38:03','工作认真负责，积极主动，服从整体安排，爱岗敬业，业务知识扎实， 业务水平优秀，与北区各位经理相处融洽，树立榜样，胜任北区大区经理工作; 人品端正、做事塌实、行为规范、对待所负责区域进行有效指导，并提出建设性 意见;高度敬业，表现出色','123456','管理员','123456','1785412310','--------','杨雨欣'),(238,'安徽省合肥安庆','2019-09-06 13:38:03','有良好的个人形象和素养，专业技能或业务水平优秀，为公司业务创造更 多机会和效益，受公司客户及合作企业好评，为公司创造出较好的企业效益或社 会效益;工作认真负责，积极主动，服从整体安排，爱岗敬业，乐于助人，与同 事相处融洽，业务知识扎实，业务水平优秀，能带动东区的给为同事积极工作， 胜任东区大区经理工作;工作出色，业务熟悉，为我们成立起榜样。','123456','用户','123456','1785412163','--------','郭泽洋'),(234,'吉林省南九公寓','2019-09-06 13:38:03','工作认真负责，积极主动，服从整体安排，爱岗敬业，业务知识扎实， 业务水平优秀，与北区各位经理相处融洽，树立榜样，胜任北区大区经理工作; 人品端正、做事塌实、行为规范、对待所负责区域进行有效指导，并提出建设性 意见;高度敬业，表现出色','123456','用户','123456','1785412463','--------','谷云涵'),(232,'安徽省马鞍山雨山区','2019-09-06 13:38:03','良好的个人形象和素养，专业技能或业务水平优秀，为公司利益不计个 人得失，对本职工作兢兢业业，锐意进取，为公司员工树立良好形象并起到带头 作用;为公司创造出较好的企业效益或社会效益','123456','用户','123456','178541225','--------','魏秀坤'),(233,'安徽省合肥安庆','2019-09-06 13:38:03','有良好的个人形象和素养，专业技能或业务水平优秀，为公司业务创造更 多机会和效益，受公司客户及合作企业好评，为公司创造出较好的企业效益或社 会效益;工作认真负责，积极主动，服从整体安排，爱岗敬业，乐于助人，与同 事相处融洽，业务知识扎实，业务水平优秀，能带动东区的给为同事积极工作， 胜任东区大区经理工作;工作出色，业务熟悉，为我们成立起榜样。','123456','用户','123456','1785412433','--------','张嘉凌'),(235,'安徽马鞍山和县','2019-09-06 13:38:03','工作认真，负责;工作认真负责，爱岗敬业，服从整体安排，形象良好； 对本职工作兢兢业业，锐意进取，乐于助人，关心同事，与同事相处融洽，善于 合作，起带头作用','123456','用户','123456','1785412681','--------','梁小凤'),(224,'吉林省大学城公寓','2019-09-06 13:38:03','工作热情高;人品端正、德行优良、自身修养较高、对待客户诚信；对待 工作严谨、处处为公司考虑，能够虚心接受同事给予的建议并改正；学习进步较 快、受到大多数客户的好评','123456','用户','123456','178541223','--------','王铭熙'),(225,'吉林省北苑一公寓','2019-09-06 13:38:03','此同事在工作上勤勤恳恳，任劳任怨，认真负责，业务水平也在学习中不断提高， 关心同事，非常值得大家学习，新晋社会如此努力难能可贵','123456','管理员','123456','1785412624','--------','周雅婷'),(226,'安徽马鞍山天鹰','2019-09-06 13:38:03','此优秀员工工作认真刻苦，服务态度非常好，使经理在XXXXX的时候没有后顾之忧; 工作积极,热情周到，有一定的领导能力，专业技能业务水平优秀，业务水平也 在不断提高，关心每一位合鑫人，是我们大家学习的榜样;能胜任本职工作，爱 岗敬业、乐于助人，与同事相处融洽，服从整体安排，对本职工作兢兢业业，锐意进取，起榜样作用，为我们树立良好形象','123456','用户','123456','1785412521','--------','刘锴'),(227,'安徽马鞍山和县','2019-09-06 13:38:03','工作认真，负责;工作认真负责，爱岗敬业，服从整体安排，形象良好； 对本职工作兢兢业业，锐意进取，乐于助人，关心同事，与同事相处融洽，善于 合作，起带头作用','123456','用户','123456','1785412501','--------','辛逸飞'),(228,'吉林省大学城公寓','2019-09-06 13:38:03','工作热情高;人品端正、德行优良、自身修养较高、对待客户诚信；对待 工作严谨、处处为公司考虑，能够虚心接受同事给予的建议并改正；学习进步较 快、受到大多数客户的好评','123456','用户','123456','1785412293','--------','逯晨阳'),(229,'吉林省长春吉大南区','2019-09-06 13:38:03','办事方法有改进，工作有进步，该优秀员工做事情踏踏实实、做人本分，能 够虚心接受市场招商经理的建议，努力学习不足之处；大力开发所负责区域的空 白品种，并积极和经理进行各种环节的沟通；在 XX 年 X 月份进步异常迅速；对 待工作兢兢业业，处处为公司考虑，不记个人得失;','123456','管理员','123456','1785412218','--------','成骏昕'),(223,'安徽省和县姥桥','2019-09-06 13:38:03','该优秀员工勤恳务实，善于学习，对本职工作兢兢业业，注重个人成长;工作成绩进 步大， 业绩发展迅速， 或有效改进自己的工作方式， 从而在工作中收到良好效果； 悟性较强，能很快适应新的岗位，在新的业务区域可以立即开展工作；能随时根 据工作需要调整工作方法和端正心态，不断反思自己，注重个人成长；能在业余 时间精专业务知识，提高工作能力;悟性高，工作认真勤奋，吃苦耐劳，进步很 快，在新人中起到了榜样作用','123456','用户','123456','1785412405','--------','胡佩威'),(230,'吉林省长春吉大南区','2019-09-06 13:38:03','办事方法有改进，工作有进步，该优秀员工做事情踏踏实实、做人本分，能 够虚心接受市场招商经理的建议，努力学习不足之处；大力开发所负责区域的空 白品种，并积极和经理进行各种环节的沟通；在 XX 年 X 月份进步异常迅速；对 待工作兢兢业业，处处为公司考虑，不记个人得失;','123456','用户','123456','1785412965','--------','倪畅'),(231,'安徽省合肥安庆','2019-09-06 13:38:03','有良好的个人形象和素养，专业技能或业务水平优秀，为公司业务创造更 多机会和效益，受公司客户及合作企业好评，为公司创造出较好的企业效益或社 会效益;工作认真负责，积极主动，服从整体安排，爱岗敬业，乐于助人，与同 事相处融洽，业务知识扎实，业务水平优秀，能带动东区的给为同事积极工作， 胜任东区大区经理工作;工作出色，业务熟悉，为我们成立起榜样。','123456','用户','123456','1785412541','--------','纪名岳'),(218,'吉林省大学城公寓','2019-09-06 13:38:03','工作热情高;人品端正、德行优良、自身修养较高、对待客户诚信；对待 工作严谨、处处为公司考虑，能够虚心接受同事给予的建议并改正；学习进步较 快、受到大多数客户的好评','123456','管理员','123456','1785412644','--------','郑贺'),(219,'安徽省马鞍山雨山区','2019-09-06 13:38:03','良好的个人形象和素养，专业技能或业务水平优秀，为公司利益不计个 人得失，对本职工作兢兢业业，锐意进取，为公司员工树立良好形象并起到带头 作用;为公司创造出较好的企业效益或社会效益','123456','用户','123456','1785412907','--------','贾金鑫'),(220,'吉林省北苑一公寓','2019-09-06 13:38:03','此同事在工作上勤勤恳恳，任劳任怨，认真负责，业务水平也在学习中不断提高， 关心同事，非常值得大家学习，新晋社会如此努力难能可贵','123456','管理员','123456','178541248','--------','刘嘉欣'),(221,'安徽省和县姥桥','2019-09-06 13:38:03','该优秀员工勤恳务实，善于学习，对本职工作兢兢业业，注重个人成长;工作成绩进 步大， 业绩发展迅速， 或有效改进自己的工作方式， 从而在工作中收到良好效果； 悟性较强，能很快适应新的岗位，在新的业务区域可以立即开展工作；能随时根 据工作需要调整工作方法和端正心态，不断反思自己，注重个人成长；能在业余 时间精专业务知识，提高工作能力;悟性高，工作认真勤奋，吃苦耐劳，进步很 快，在新人中起到了榜样作用','123456','用户','123456','1785412513','--------','刘思霏'),(222,'安徽马鞍山天鹰','2019-09-06 13:38:03','此优秀员工工作认真刻苦，服务态度非常好，使经理在XXXXX的时候没有后顾之忧; 工作积极,热情周到，有一定的领导能力，专业技能业务水平优秀，业务水平也 在不断提高，关心每一位合鑫人，是我们大家学习的榜样;能胜任本职工作，爱 岗敬业、乐于助人，与同事相处融洽，服从整体安排，对本职工作兢兢业业，锐意进取，起榜样作用，为我们树立良好形象','123456','用户','123456','1785412629','--------','张斌'),(216,'安徽马鞍山和县','2019-09-06 13:38:03','工作认真，负责;工作认真负责，爱岗敬业，服从整体安排，形象良好； 对本职工作兢兢业业，锐意进取，乐于助人，关心同事，与同事相处融洽，善于 合作，起带头作用','123456','管理员','123456','1785412690','--------','孙博文'),(217,'安徽马鞍山和县','2019-09-06 13:38:03','工作认真，负责;工作认真负责，爱岗敬业，服从整体安排，形象良好； 对本职工作兢兢业业，锐意进取，乐于助人，关心同事，与同事相处融洽，善于 合作，起带头作用','123456','管理员','123456','1785412492','--------','许晶航'),(215,'吉林省大学城公寓','2019-09-06 13:38:03','工作热情高;人品端正、德行优良、自身修养较高、对待客户诚信；对待 工作严谨、处处为公司考虑，能够虚心接受同事给予的建议并改正；学习进步较 快、受到大多数客户的好评','123456','管理员','123456','1785412932','--------','俞圣亮'),(214,'吉林省长春吉大南区','2019-09-06 13:38:03','办事方法有改进，工作有进步，该优秀员工做事情踏踏实实、做人本分，能 够虚心接受市场招商经理的建议，努力学习不足之处；大力开发所负责区域的空 白品种，并积极和经理进行各种环节的沟通；在 XX 年 X 月份进步异常迅速；对 待工作兢兢业业，处处为公司考虑，不记个人得失;','123456','管理员','123456','1785412884','--------','路爱同'),(211,'吉林省长春吉大南区','2019-09-06 13:38:03','办事方法有改进，工作有进步，该优秀员工做事情踏踏实实、做人本分，能 够虚心接受市场招商经理的建议，努力学习不足之处；大力开发所负责区域的空 白品种，并积极和经理进行各种环节的沟通；在 XX 年 X 月份进步异常迅速；对 待工作兢兢业业，处处为公司考虑，不记个人得失;','123456','用户','123456','1785412839','--------','杨文哲'),(212,'安徽省马鞍山雨山区','2019-09-06 13:38:03','良好的个人形象和素养，专业技能或业务水平优秀，为公司利益不计个 人得失，对本职工作兢兢业业，锐意进取，为公司员工树立良好形象并起到带头 作用;为公司创造出较好的企业效益或社会效益','123456','管理员','123456','1785412538','--------','曾夫为'),(213,'安徽省和县姥桥','2019-09-06 13:38:03','该优秀员工勤恳务实，善于学习，对本职工作兢兢业业，注重个人成长;工作成绩进 步大， 业绩发展迅速， 或有效改进自己的工作方式， 从而在工作中收到良好效果； 悟性较强，能很快适应新的岗位，在新的业务区域可以立即开展工作；能随时根 据工作需要调整工作方法和端正心态，不断反思自己，注重个人成长；能在业余 时间精专业务知识，提高工作能力;悟性高，工作认真勤奋，吃苦耐劳，进步很 快，在新人中起到了榜样作用','123456','用户','123456','1785412963','--------','刘思佳'),(208,'安徽马鞍山天鹰','2019-09-06 13:38:03','此优秀员工工作认真刻苦，服务态度非常好，使经理在XXXXX的时候没有后顾之忧; 工作积极,热情周到，有一定的领导能力，专业技能业务水平优秀，业务水平也 在不断提高，关心每一位合鑫人，是我们大家学习的榜样;能胜任本职工作，爱 岗敬业、乐于助人，与同事相处融洽，服从整体安排，对本职工作兢兢业业，锐意进取，起榜样作用，为我们树立良好形象','123456','管理员','123456','1785412800','--------','李海亮'),(209,'安徽省合肥安庆','2019-09-06 13:38:03','有良好的个人形象和素养，专业技能或业务水平优秀，为公司业务创造更 多机会和效益，受公司客户及合作企业好评，为公司创造出较好的企业效益或社 会效益;工作认真负责，积极主动，服从整体安排，爱岗敬业，乐于助人，与同 事相处融洽，业务知识扎实，业务水平优秀，能带动东区的给为同事积极工作， 胜任东区大区经理工作;工作出色，业务熟悉，为我们成立起榜样。','123456','用户','123456','1785412415','--------','刘宇涵'),(210,'安徽马鞍山天鹰','2019-09-06 13:38:03','此优秀员工工作认真刻苦，服务态度非常好，使经理在XXXXX的时候没有后顾之忧; 工作积极,热情周到，有一定的领导能力，专业技能业务水平优秀，业务水平也 在不断提高，关心每一位合鑫人，是我们大家学习的榜样;能胜任本职工作，爱 岗敬业、乐于助人，与同事相处融洽，服从整体安排，对本职工作兢兢业业，锐意进取，起榜样作用，为我们树立良好形象','123456','管理员','123456','1785412368','--------','王碧琳'),(205,'吉林省大学城公寓','2019-09-06 13:38:03','工作热情高;人品端正、德行优良、自身修养较高、对待客户诚信；对待 工作严谨、处处为公司考虑，能够虚心接受同事给予的建议并改正；学习进步较 快、受到大多数客户的好评','123456','管理员','123456','1785412896','--------','杨晨'),(206,'安徽省马鞍山雨山区','2019-09-06 13:38:03','良好的个人形象和素养，专业技能或业务水平优秀，为公司利益不计个 人得失，对本职工作兢兢业业，锐意进取，为公司员工树立良好形象并起到带头 作用;为公司创造出较好的企业效益或社会效益','123456','管理员','123456','1785412988','--------','钟若涵'),(207,'吉林省南九公寓','2019-09-06 13:38:03','工作认真负责，积极主动，服从整体安排，爱岗敬业，业务知识扎实， 业务水平优秀，与北区各位经理相处融洽，树立榜样，胜任北区大区经理工作; 人品端正、做事塌实、行为规范、对待所负责区域进行有效指导，并提出建设性 意见;高度敬业，表现出色','123456','管理员','123456','1785412130','--------','冯时'),(203,'安徽省合肥安庆','2019-09-06 13:38:03','有良好的个人形象和素养，专业技能或业务水平优秀，为公司业务创造更 多机会和效益，受公司客户及合作企业好评，为公司创造出较好的企业效益或社 会效益;工作认真负责，积极主动，服从整体安排，爱岗敬业，乐于助人，与同 事相处融洽，业务知识扎实，业务水平优秀，能带动东区的给为同事积极工作， 胜任东区大区经理工作;工作出色，业务熟悉，为我们成立起榜样。','123456','管理员','123456','178541246','--------','宋士增'),(204,'安徽省马鞍山雨山区','2019-09-06 13:38:03','良好的个人形象和素养，专业技能或业务水平优秀，为公司利益不计个 人得失，对本职工作兢兢业业，锐意进取，为公司员工树立良好形象并起到带头 作用;为公司创造出较好的企业效益或社会效益','123456','管理员','123456','1785412538','--------','王乂冉'),(198,'吉林省南九公寓','2019-09-06 13:38:03','工作认真负责，积极主动，服从整体安排，爱岗敬业，业务知识扎实， 业务水平优秀，与北区各位经理相处融洽，树立榜样，胜任北区大区经理工作; 人品端正、做事塌实、行为规范、对待所负责区域进行有效指导，并提出建设性 意见;高度敬业，表现出色','123456','用户','123456','1785412859','--------','刘家运'),(199,'安徽马鞍山天鹰','2019-09-06 13:38:03','此优秀员工工作认真刻苦，服务态度非常好，使经理在XXXXX的时候没有后顾之忧; 工作积极,热情周到，有一定的领导能力，专业技能业务水平优秀，业务水平也 在不断提高，关心每一位合鑫人，是我们大家学习的榜样;能胜任本职工作，爱 岗敬业、乐于助人，与同事相处融洽，服从整体安排，对本职工作兢兢业业，锐意进取，起榜样作用，为我们树立良好形象','123456','用户','123456','1785412953','--------','刘姝秀'),(200,'安徽省马鞍山雨山区','2019-09-06 13:38:03','良好的个人形象和素养，专业技能或业务水平优秀，为公司利益不计个 人得失，对本职工作兢兢业业，锐意进取，为公司员工树立良好形象并起到带头 作用;为公司创造出较好的企业效益或社会效益','123456','用户','123456','1785412925','--------','邵婧雯'),(201,'吉林省南九公寓','2019-09-06 13:38:03','工作认真负责，积极主动，服从整体安排，爱岗敬业，业务知识扎实， 业务水平优秀，与北区各位经理相处融洽，树立榜样，胜任北区大区经理工作; 人品端正、做事塌实、行为规范、对待所负责区域进行有效指导，并提出建设性 意见;高度敬业，表现出色','123456','管理员','123456','1785412544','--------','张爱琳'),(202,'安徽省和县姥桥','2019-09-06 13:38:03','该优秀员工勤恳务实，善于学习，对本职工作兢兢业业，注重个人成长;工作成绩进 步大， 业绩发展迅速， 或有效改进自己的工作方式， 从而在工作中收到良好效果； 悟性较强，能很快适应新的岗位，在新的业务区域可以立即开展工作；能随时根 据工作需要调整工作方法和端正心态，不断反思自己，注重个人成长；能在业余 时间精专业务知识，提高工作能力;悟性高，工作认真勤奋，吃苦耐劳，进步很 快，在新人中起到了榜样作用','123456','用户','123456','178541227','--------','安琳'),(195,'安徽省合肥安庆','2019-09-06 13:38:03','有良好的个人形象和素养，专业技能或业务水平优秀，为公司业务创造更 多机会和效益，受公司客户及合作企业好评，为公司创造出较好的企业效益或社 会效益;工作认真负责，积极主动，服从整体安排，爱岗敬业，乐于助人，与同 事相处融洽，业务知识扎实，业务水平优秀，能带动东区的给为同事积极工作， 胜任东区大区经理工作;工作出色，业务熟悉，为我们成立起榜样。','123456','用户','123456','1785412991','--------','王中禹'),(196,'吉林省长春吉大南区','2019-09-06 13:38:03','办事方法有改进，工作有进步，该优秀员工做事情踏踏实实、做人本分，能 够虚心接受市场招商经理的建议，努力学习不足之处；大力开发所负责区域的空 白品种，并积极和经理进行各种环节的沟通；在 XX 年 X 月份进步异常迅速；对 待工作兢兢业业，处处为公司考虑，不记个人得失;','123456','用户','123456','1785412533','--------','牟乔旭'),(197,'山东省淄博市','2019-09-06 13:38:03','有良好的个人形象和素养，专业技能或业务水平优秀，为公司业务创造更 多机会和效益，受公司客户及合作企业好评，为公司创造出较好的企业效益或社 会效益;工作认真负责，积极主动，服从整体安排，爱岗敬业，乐于助人，与同 事相处融洽，业务知识扎实，业务水平优秀，能带动东区的给为同事积极工作， 胜任东区大区经理工作;工作出色，业务熟悉，为我们成立起榜样。','123456','用户','123456','1785412451','--------','刘冬冬'),(187,'安徽省马鞍山雨山区','2019-09-06 13:38:03','良好的个人形象和素养，专业技能或业务水平优秀，为公司利益不计个 人得失，对本职工作兢兢业业，锐意进取，为公司员工树立良好形象并起到带头 作用;为公司创造出较好的企业效益或社会效益','123456','用户','123456','1785412979','--------','吴严'),(188,'吉林省南九公寓','2019-09-06 13:38:03','工作认真负责，积极主动，服从整体安排，爱岗敬业，业务知识扎实， 业务水平优秀，与北区各位经理相处融洽，树立榜样，胜任北区大区经理工作; 人品端正、做事塌实、行为规范、对待所负责区域进行有效指导，并提出建设性 意见;高度敬业，表现出色','123456','管理员','123456','178541294','--------','乔雅婷'),(189,'安徽省合肥安庆','2019-09-06 13:38:03','有良好的个人形象和素养，专业技能或业务水平优秀，为公司业务创造更 多机会和效益，受公司客户及合作企业好评，为公司创造出较好的企业效益或社 会效益;工作认真负责，积极主动，服从整体安排，爱岗敬业，乐于助人，与同 事相处融洽，业务知识扎实，业务水平优秀，能带动东区的给为同事积极工作， 胜任东区大区经理工作;工作出色，业务熟悉，为我们成立起榜样。','123456','管理员','123456','1785412928','--------','邝孝伟'),(190,'安徽省马鞍山雨山区','2019-09-06 13:38:03','良好的个人形象和素养，专业技能或业务水平优秀，为公司利益不计个 人得失，对本职工作兢兢业业，锐意进取，为公司员工树立良好形象并起到带头 作用;为公司创造出较好的企业效益或社会效益','123456','管理员','123456','1785412376','--------','许嘉良'),(191,'吉林省长春吉大南区','2019-09-06 13:38:03','办事方法有改进，工作有进步，该优秀员工做事情踏踏实实、做人本分，能 够虚心接受市场招商经理的建议，努力学习不足之处；大力开发所负责区域的空 白品种，并积极和经理进行各种环节的沟通；在 XX 年 X 月份进步异常迅速；对 待工作兢兢业业，处处为公司考虑，不记个人得失;','123456','用户','123456','1785412821','--------','张峻伟'),(192,'吉林省长春吉大南区','2019-09-06 13:38:03','办事方法有改进，工作有进步，该优秀员工做事情踏踏实实、做人本分，能 够虚心接受市场招商经理的建议，努力学习不足之处；大力开发所负责区域的空 白品种，并积极和经理进行各种环节的沟通；在 XX 年 X 月份进步异常迅速；对 待工作兢兢业业，处处为公司考虑，不记个人得失;','123456','管理员','123456','1785412812','--------','赵剑鹏'),(193,'安徽马鞍山和县','2019-09-06 13:38:03','工作认真，负责;工作认真负责，爱岗敬业，服从整体安排，形象良好； 对本职工作兢兢业业，锐意进取，乐于助人，关心同事，与同事相处融洽，善于 合作，起带头作用','123456','用户','123456','1785412141','--------','李嘉寅'),(194,'安徽省和县姥桥','2019-09-06 13:38:03','该优秀员工勤恳务实，善于学习，对本职工作兢兢业业，注重个人成长;工作成绩进 步大， 业绩发展迅速， 或有效改进自己的工作方式， 从而在工作中收到良好效果； 悟性较强，能很快适应新的岗位，在新的业务区域可以立即开展工作；能随时根 据工作需要调整工作方法和端正心态，不断反思自己，注重个人成长；能在业余 时间精专业务知识，提高工作能力;悟性高，工作认真勤奋，吃苦耐劳，进步很 快，在新人中起到了榜样作用','123456','管理员','123456','1785412450','--------','王奕'),(184,'吉林省大学城公寓','2019-09-06 13:38:03','工作热情高;人品端正、德行优良、自身修养较高、对待客户诚信；对待 工作严谨、处处为公司考虑，能够虚心接受同事给予的建议并改正；学习进步较 快、受到大多数客户的好评','123456','用户','123456','1785412941','--------','李硕'),(185,'吉林省长春吉大南区','2019-09-06 13:38:03','办事方法有改进，工作有进步，该优秀员工做事情踏踏实实、做人本分，能 够虚心接受市场招商经理的建议，努力学习不足之处；大力开发所负责区域的空 白品种，并积极和经理进行各种环节的沟通；在 XX 年 X 月份进步异常迅速；对 待工作兢兢业业，处处为公司考虑，不记个人得失;','123456','用户','123456','1785412713','--------','潘正平'),(186,'吉林省南九公寓','2019-09-06 13:38:03','工作认真负责，积极主动，服从整体安排，爱岗敬业，业务知识扎实， 业务水平优秀，与北区各位经理相处融洽，树立榜样，胜任北区大区经理工作; 人品端正、做事塌实、行为规范、对待所负责区域进行有效指导，并提出建设性 意见;高度敬业，表现出色','123456','管理员','123456','1785412796','--------','周植'),(183,'安徽省马鞍山雨山区','2019-09-06 13:38:03','良好的个人形象和素养，专业技能或业务水平优秀，为公司利益不计个 人得失，对本职工作兢兢业业，锐意进取，为公司员工树立良好形象并起到带头 作用;为公司创造出较好的企业效益或社会效益','123456','用户','123456','1785412133','--------','王博');
/*!40000 ALTER TABLE `sys_user` ENABLE KEYS */;
UNLOCK TABLES;

--
-- Table structure for table `sysalarminfo_id_seq`
--

DROP TABLE IF EXISTS `sysalarminfo_id_seq`;
/*!40101 SET @saved_cs_client     = @@character_set_client */;
 SET character_set_client = utf8mb4 ;
CREATE TABLE `sysalarminfo_id_seq` (
  `next_val` bigint(20) DEFAULT NULL
) ENGINE=MyISAM DEFAULT CHARSET=utf8mb4 COLLATE=utf8mb4_0900_ai_ci;
/*!40101 SET character_set_client = @saved_cs_client */;

--
-- Dumping data for table `sysalarminfo_id_seq`
--

LOCK TABLES `sysalarminfo_id_seq` WRITE;
/*!40000 ALTER TABLE `sysalarminfo_id_seq` DISABLE KEYS */;
INSERT INTO `sysalarminfo_id_seq` VALUES (1000);
/*!40000 ALTER TABLE `sysalarminfo_id_seq` ENABLE KEYS */;
UNLOCK TABLES;

--
-- Table structure for table `sysuser_id_seq`
--

DROP TABLE IF EXISTS `sysuser_id_seq`;
/*!40101 SET @saved_cs_client     = @@character_set_client */;
 SET character_set_client = utf8mb4 ;
CREATE TABLE `sysuser_id_seq` (
  `next_val` bigint(20) DEFAULT NULL
) ENGINE=MyISAM DEFAULT CHARSET=utf8mb4 COLLATE=utf8mb4_0900_ai_ci;
/*!40101 SET character_set_client = @saved_cs_client */;

--
-- Dumping data for table `sysuser_id_seq`
--

LOCK TABLES `sysuser_id_seq` WRITE;
/*!40000 ALTER TABLE `sysuser_id_seq` DISABLE KEYS */;
INSERT INTO `sysuser_id_seq` VALUES (1380);
/*!40000 ALTER TABLE `sysuser_id_seq` ENABLE KEYS */;
UNLOCK TABLES;
/*!40103 SET TIME_ZONE=@OLD_TIME_ZONE */;

/*!40101 SET SQL_MODE=@OLD_SQL_MODE */;
/*!40014 SET FOREIGN_KEY_CHECKS=@OLD_FOREIGN_KEY_CHECKS */;
/*!40014 SET UNIQUE_CHECKS=@OLD_UNIQUE_CHECKS */;
/*!40101 SET CHARACTER_SET_CLIENT=@OLD_CHARACTER_SET_CLIENT */;
/*!40101 SET CHARACTER_SET_RESULTS=@OLD_CHARACTER_SET_RESULTS */;
/*!40101 SET COLLATION_CONNECTION=@OLD_COLLATION_CONNECTION */;
/*!40111 SET SQL_NOTES=@OLD_SQL_NOTES */;

-- Dump completed on 2019-10-10  8:16:05
